Τύπος Παραστατικού	Αντικείμενο Συναλλαγής	ΑΦΜ Εκδότη	Επωνυμία Εκδότη
ΑΠΟΔΕΙΞΗ ΛΙΑΝΙΚΗΣ 	Τρόφιμα	094025817	ΑΛΦΑ-ΒΗΤΑ ΒΑΣΙΛΟΠΟΥΛΟΣ ΜΟΝΟΠΡΟΣΩΠΗ ΑΝΩΝΥΜΗ ΕΤΑΙΡΙΑ
ΑΠΟΔΕΙΞΗ ΛΙΑΝΙΚΗΣ 	Τρόφιμα	800764388	ΕΛΛΗΝΙΚΕΣ ΥΠΕΡΑΓΟΡΕΣ ΣΚΛΑΒΕΝΙΤΗΣ ΑΝΩΝΥΜΗ ΕΜΠΟΡΙΚΗ ΕΤΑΙΡΕΙΑ
ΑΠΟΔΕΙΞΗ ΛΙΑΝΙΚΗΣ 	Τρόφιμα	800764388	ΕΛΛΗΝΙΚΕΣ ΥΠΕΡΑΓΟΡΕΣ ΣΚΛΑΒΕΝΙΤΗΣ ΑΝΩΝΥΜΗ ΕΜΠΟΡΙΚΗ ΕΤΑΙΡΕΙΑ
ΑΠΟΔΕΙΞΗ ΛΙΑΝΙΚΗΣ 	Τρόφιμα	093683423	Λίντλ Ελλάς και Σια Ομόρρυθμη Εταιρία
ΑΠΟΔΕΙΞΗ ΕΙΣΠΡΑΞΗΣ	Υπηρεσίες	098084034	ΕΣΤΙΑ ΑΓΙΟΣ ΝΙΚΟΛΑΟΣ
ΑΠΟΔΕΙΞΗ ΛΙΑΝΙΚΗΣ 	Τρόφιμα	094025817	ΑΛΦΑ-ΒΗΤΑ ΒΑΣΙΛΟΠΟΥΛΟΣ ΜΟΝΟΠΡΟΣΩΠΗ ΑΝΩΝΥΜΗ ΕΤΑΙΡΙΑ
ΑΠΟΔΕΙΞΗ ΛΙΑΝΙΚΗΣ 	Τρόφιμα	800764388	ΕΛΛΗΝΙΚΕΣ ΥΠΕΡΑΓΟΡΕΣ ΣΚΛΑΒΕΝΙΤΗΣ ΑΝΩΝΥΜΗ ΕΜΠΟΡΙΚΗ ΕΤΑΙΡΕΙΑ
ΑΠΟΔΕΙΞΗ ΛΙΑΝΙΚΗΣ 	Τρόφιμα	800764388	ΕΛΛΗΝΙΚΕΣ ΥΠΕΡΑΓΟΡΕΣ ΣΚΛΑΒΕΝΙΤΗΣ ΑΝΩΝΥΜΗ ΕΜΠΟΡΙΚΗ ΕΤΑΙΡΕΙΑ
ΑΠΟΔΕΙΞΗ ΛΙΑΝΙΚΗΣ 	Τρόφιμα	800764388	ΕΛΛΗΝΙΚΕΣ ΥΠΕΡΑΓΟΡΕΣ ΣΚΛΑΒΕΝΙΤΗΣ ΑΝΩΝΥΜΗ ΕΜΠΟΡΙΚΗ ΕΤΑΙΡΕΙΑ
ΑΠΟΔΕΙΞΗ ΛΙΑΝΙΚΗΣ 	Τρόφιμα	094025817	ΑΛΦΑ-ΒΗΤΑ ΒΑΣΙΛΟΠΟΥΛΟΣ ΜΟΝΟΠΡΟΣΩΠΗ ΑΝΩΝΥΜΗ ΕΤΑΙΡΙΑ
ΑΠΟΔΕΙΞΗ ΛΙΑΝΙΚΗΣ 	Τρόφιμα	998771189	ΜΑΡΚΕΤ ΙΝ ΑΝΩΝΥΜΗ ΕΜΠΟΡΟΒΙΟΜΗΧΑΝΙΚΗ ΕΤΑΙΡΕΙΑ ΑΝΑΛΩΣΙΜΩΝ ΠΡΟΪΟΝΤΩΝ - ΣΥΣΚΕΥΑΣΙΩΝ - ΔΙΑΝΟΜΩΝ - ΜΕΤΑΦΟΡΩΝ - ΕΙΣΑΓΩΓΩΝ - ΕΞΑΓΩΓΩΝ
ΑΠΟΔΕΙΞΗ ΛΙΑΝΙΚΗΣ 	Τρόφιμα	094025817	ΑΛΦΑ-ΒΗΤΑ ΒΑΣΙΛΟΠΟΥΛΟΣ ΜΟΝΟΠΡΟΣΩΠΗ ΑΝΩΝΥΜΗ ΕΤΑΙΡΙΑ
ΑΠΟΔΕΙΞΗ ΛΙΑΝΙΚΗΣ 	Τρόφιμα	093683423	Λίντλ Ελλάς και Σια Ομόρρυθμη Εταιρία
ΑΠΟΔΕΙΞΗ ΛΙΑΝΙΚΗΣ 	Τρόφιμα	094025817	ΑΛΦΑ-ΒΗΤΑ ΒΑΣΙΛΟΠΟΥΛΟΣ ΜΟΝΟΠΡΟΣΩΠΗ ΑΝΩΝΥΜΗ ΕΤΑΙΡΙΑ
ΑΠΟΔΕΙΞΗ ΛΙΑΝΙΚΗΣ 	Καύσιμα	800793925	ΑΣΜΑΤΟΓΛΟΥ ΓΕΩΡΓ & ΑΝΑΣΤ ΟΕ
ΑΠΟΔΕΙΞΗ ΛΙΑΝΙΚΗΣ 	Τρόφιμα	093683423	Λίντλ Ελλάς και Σια Ομόρρυθμη Εταιρία
ΑΠΟΔΕΙΞΗ ΛΙΑΝΙΚΗΣ 	Τρόφιμα	800764388	ΕΛΛΗΝΙΚΕΣ ΥΠΕΡΑΓΟΡΕΣ ΣΚΛΑΒΕΝΙΤΗΣ ΑΝΩΝΥΜΗ ΕΜΠΟΡΙΚΗ ΕΤΑΙΡΕΙΑ
ΑΠΟΔΕΙΞΗ ΛΙΑΝΙΚΗΣ 	Τρόφιμα	997565126	ΤΟ ΚΡΕΟΠΩΛΕΙΟ ΤΗΣ ΑΓΟΡΑΣ Ε.Ε.
ΑΠΟΔΕΙΞΗ ΛΙΑΝΙΚΗΣ 	Τρόφιμα	093683423	Λίντλ Ελλάς και Σια Ομόρρυθμη Εταιρία
ΑΠΟΔΕΙΞΗ ΛΙΑΝΙΚΗΣ 	Τρόφιμα	997546610	ΜΟΥΣΟΥΡΗ ΕΥΑΓΓΓΕΛΙΑ-ΣΠΑΝΟΥΔΗΣ ΑΝΑΣΤΑΣΙΟΣ ΕΤΑΙΡΙΑ ΠΕΡΙΟΡΙΣΜΕΝΗΣ ΕΥΘΥΝΗΣ
ΑΠΟΔΕΙΞΗ ΛΙΑΝΙΚΗΣ 	Καύσιμα	800793925	ΑΣΜΑΤΟΓΛΟΥ ΓΕΩΡΓ & ΑΝΑΣΤ ΟΕ
ΑΠΟΔΕΙΞΗ ΛΙΑΝΙΚΗΣ 	Είδη	016665330	ΧΑΤΖΗΓΕΩΡΓΙΟΥ ΙΩΣΗΦ ΤΟΥ ΜΙΧΑΗΛ
ΑΠΟΔΕΙΞΗ ΕΙΣΠΡΑΞΗΣ ΕΝΟΙΚΙΟΥ	Ενοίκιο Έδρας	062660959	ΣΩΤΗΡΟΠΟΥΛΟΥ ΠΑΝΑΓΙΩΤΑ
ΑΠΟΔΕΙΞΗ ΛΙΑΝΙΚΗΣ 	Μετακίνηση	095759755	ΑΜΑΘΟΥΣ ΕΛΛΑΣ ΑΝΩΝΥΜΟΣ ΤΟΥΡΙΣΤΙΚΗ ΕΤΑΙΡΕΙΑ
ΑΠΟΔΕΙΞΗ ΛΙΑΝΙΚΗΣ 	Μετακίνηση	095759755	ΑΜΑΘΟΥΣ ΕΛΛΑΣ ΑΝΩΝΥΜΟΣ ΤΟΥΡΙΣΤΙΚΗ ΕΤΑΙΡΕΙΑ
ΑΠΟΔΕΙΞΗ ΛΙΑΝΙΚΗΣ 	Μετακίνηση	095759755	ΑΜΑΘΟΥΣ ΕΛΛΑΣ ΑΝΩΝΥΜΟΣ ΤΟΥΡΙΣΤΙΚΗ ΕΤΑΙΡΕΙΑ
ΑΠΟΔΕΙΞΗ ΛΙΑΝΙΚΗΣ 	Μετακίνηση	095759755	ΑΜΑΘΟΥΣ ΕΛΛΑΣ ΑΝΩΝΥΜΟΣ ΤΟΥΡΙΣΤΙΚΗ ΕΤΑΙΡΕΙΑ
ΑΠΟΔΕΙΞΗ ΛΙΑΝΙΚΗΣ 	Τρόφιμα	800764388	ΕΛΛΗΝΙΚΕΣ ΥΠΕΡΑΓΟΡΕΣ ΣΚΛΑΒΕΝΙΤΗΣ ΑΝΩΝΥΜΗ ΕΜΠΟΡΙΚΗ ΕΤΑΙΡΕΙΑ
ΑΠΟΔΕΙΞΗ ΛΙΑΝΙΚΗΣ 	Τρόφιμα	093683423	Λίντλ Ελλάς και Σια Ομόρρυθμη Εταιρία
ΑΠΟΔΕΙΞΗ ΛΙΑΝΙΚΗΣ 	Τρόφιμα	093683423	Λίντλ Ελλάς και Σια Ομόρρυθμη Εταιρία
ΑΠΟΔΕΙΞΗ ΛΙΑΝΙΚΗΣ 	Τρόφιμα	094025817	ΑΛΦΑ-ΒΗΤΑ ΒΑΣΙΛΟΠΟΥΛΟΣ ΜΟΝΟΠΡΟΣΩΠΗ ΑΝΩΝΥΜΗ ΕΤΑΙΡΙΑ
ΑΠΟΔΕΙΞΗ ΛΙΑΝΙΚΗΣ 	Τρόφιμα	800764388	ΕΛΛΗΝΙΚΕΣ ΥΠΕΡΑΓΟΡΕΣ ΣΚΛΑΒΕΝΙΤΗΣ ΑΝΩΝΥΜΗ ΕΜΠΟΡΙΚΗ ΕΤΑΙΡΕΙΑ
ΑΠΟΔΕΙΞΗ ΛΙΑΝΙΚΗΣ 	Τρόφιμα	800764388	ΕΛΛΗΝΙΚΕΣ ΥΠΕΡΑΓΟΡΕΣ ΣΚΛΑΒΕΝΙΤΗΣ ΑΝΩΝΥΜΗ ΕΜΠΟΡΙΚΗ ΕΤΑΙΡΕΙΑ
ΑΠΟΔΕΙΞΗ ΛΙΑΝΙΚΗΣ 	Τρόφιμα	094025817	ΑΛΦΑ-ΒΗΤΑ ΒΑΣΙΛΟΠΟΥΛΟΣ ΜΟΝΟΠΡΟΣΩΠΗ ΑΝΩΝΥΜΗ ΕΤΑΙΡΙΑ
ΑΠΟΔΕΙΞΗ ΛΙΑΝΙΚΗΣ 	Τρόφιμα	800764388	ΕΛΛΗΝΙΚΕΣ ΥΠΕΡΑΓΟΡΕΣ ΣΚΛΑΒΕΝΙΤΗΣ ΑΝΩΝΥΜΗ ΕΜΠΟΡΙΚΗ ΕΤΑΙΡΕΙΑ
ΑΠΟΔΕΙΞΗ ΛΙΑΝΙΚΗΣ 	Τρόφιμα	800764388	ΕΛΛΗΝΙΚΕΣ ΥΠΕΡΑΓΟΡΕΣ ΣΚΛΑΒΕΝΙΤΗΣ ΑΝΩΝΥΜΗ ΕΜΠΟΡΙΚΗ ΕΤΑΙΡΕΙΑ
ΑΠΟΔΕΙΞΗ ΛΙΑΝΙΚΗΣ 	Τρόφιμα	800764388	ΕΛΛΗΝΙΚΕΣ ΥΠΕΡΑΓΟΡΕΣ ΣΚΛΑΒΕΝΙΤΗΣ ΑΝΩΝΥΜΗ ΕΜΠΟΡΙΚΗ ΕΤΑΙΡΕΙΑ
ΑΠΟΔΕΙΞΗ ΛΙΑΝΙΚΗΣ 	Τρόφιμα	093683423	Λίντλ Ελλάς και Σια Ομόρρυθμη Εταιρία
ΑΠΟΔΕΙΞΗ ΛΙΑΝΙΚΗΣ 	Καύσιμα	997573490	Θ. ΜΠΑΡΛΟΣ & ΣΙΑ Ο.Ε.
ΑΠΟΔΕΙΞΗ ΛΙΑΝΙΚΗΣ 	Καύσιμα	999329740	ΠΟΛΥΒΙΟΣ ΡΟΣΓΟΒΑΣ ΚΑΙ ΣΙΑ ΟΕ
ΑΠΟΔΕΙΞΗ ΛΙΑΝΙΚΗΣ 	Καύσιμα	997573490	Θ. ΜΠΑΡΛΟΣ & ΣΙΑ Ο.Ε.
ΑΠΟΔΕΙΞΗ ΛΙΑΝΙΚΗΣ 	Καύσιμα	997573490	Θ. ΜΠΑΡΛΟΣ & ΣΙΑ Ο.Ε.
ΑΠΟΔΕΙΞΗ ΛΙΑΝΙΚΗΣ 	Καύσιμα	997573490	Θ. ΜΠΑΡΛΟΣ & ΣΙΑ Ο.Ε.
ΑΠΟΔΕΙΞΗ ΛΙΑΝΙΚΗΣ 	Καύσιμα	998475585	ΜΑΚΡΑΙΩΝ ΜΟΝΟΠΡΟΣΩΠΗ ΑΝΩΝΥΜΗ ΕΤΑΙΡΕΙΑ ΛΙΑΝΙΚΟΥ ΕΜΠΟΡΙΟΥ ΜΕΤΑΦΟΡΑΣ, ΑΠΟΘΗΚΕΥΣΕΩΣ ΚΑΙ ΑΝΤΙΠΡΟΣΩΠΕΙΩΝ ΠΕΤΡΕΛΑΙΟΕΙΔΩΝ
ΑΠΟΔΕΙΞΗ ΛΙΑΝΙΚΗΣ 	Είδη	800749072	ΠΕΤ ΣΙΤΙ GROUP ΑΝΩΝΥΜΟΣ ΕΜΠΟΡΙΚΗ ΚΑΙ ΒΙΟΜΗΧΑΝΙΚΗ ΕΤΑΙΡΕΙΑ ΖΩΟΤΡΟΦΩΝ ΑΕΒΕ
ΑΠΟΔΕΙΞΗ ΛΙΑΝΙΚΗΣ 	Είδη	094252749	Ι. ΣΥΝΕΤΟΣ ΚΩΝΣΤΑΝΤΑΚΗΣ ΑΝΩΝΥΜΗ ΕΜΠΟΡΙΚΗ ΕΤΑΙΡΕΙΑ ΚΑΛΛΥΝΤΙΚΩΝ
ΑΠΟΔΕΙΞΗ ΛΙΑΝΙΚΗΣ 	Χαρτικά	999326135	ΤΣΕΛΙΚΤΣΗΣ ΜΑΡΙΟΣ ΚΑΙ ΣΙΑ ΟΕ
ΑΠΟΔΕΙΞΗ ΕΙΣΠΡΑΞΗΣ ΕΝΟΙΚΙΟΥ	Ενοίκιο Έδρας	062660959	ΣΩΤΗΡΟΠΟΥΛΟΥ ΠΑΝΑΓΙΩΤΑ
ΑΠΟΔΕΙΞΗ ΛΙΑΝΙΚΗΣ 	Καύσιμα	997573490	Θ. ΜΠΑΡΛΟΣ & ΣΙΑ Ο.Ε.
ΑΠΟΔΕΙΞΗ ΛΙΑΝΙΚΗΣ 	Είδη	081556781	ΣΚΑΦΙΔΑΣ Ε - ΠΕΠΠΑ ΑΦΟΙ ΑΕ
ΑΠΟΔΕΙΞΗ ΛΙΑΝΙΚΗΣ 	Είδη	081556781	ΣΚΑΦΙΔΑΣ Ε - ΠΕΠΠΑ ΑΦΟΙ ΑΕ
ΤΙΜΟΛΟΓΙΟ ΠΑΡΟΧΗΣ ΥΠΗΡΕΣΙΩΝ	Παροχή Υπηρεσιών	G78456530	SERVICIO CIVIL INTERNACIONAL
ΑΠΟΔΕΙΞΗ ΛΙΑΝΙΚΗΣ 	Τρόφιμα	800764388	ΕΛΛΗΝΙΚΕΣ ΥΠΕΡΑΓΟΡΕΣ ΣΚΛΑΒΕΝΙΤΗΣ ΑΝΩΝΥΜΗ ΕΜΠΟΡΙΚΗ ΕΤΑΙΡΕΙΑ
ΑΠΟΔΕΙΞΗ ΛΙΑΝΙΚΗΣ 	Τρόφιμα	800764388	ΕΛΛΗΝΙΚΕΣ ΥΠΕΡΑΓΟΡΕΣ ΣΚΛΑΒΕΝΙΤΗΣ ΑΝΩΝΥΜΗ ΕΜΠΟΡΙΚΗ ΕΤΑΙΡΕΙΑ
ΑΠΟΔΕΙΞΗ ΛΙΑΝΙΚΗΣ 	Τρόφιμα	800764388	ΕΛΛΗΝΙΚΕΣ ΥΠΕΡΑΓΟΡΕΣ ΣΚΛΑΒΕΝΙΤΗΣ ΑΝΩΝΥΜΗ ΕΜΠΟΡΙΚΗ ΕΤΑΙΡΕΙΑ
ΑΠΟΔΕΙΞΗ ΛΙΑΝΙΚΗΣ 	Τρόφιμα	800764388	ΕΛΛΗΝΙΚΕΣ ΥΠΕΡΑΓΟΡΕΣ ΣΚΛΑΒΕΝΙΤΗΣ ΑΝΩΝΥΜΗ ΕΜΠΟΡΙΚΗ ΕΤΑΙΡΕΙΑ
ΑΠΟΔΕΙΞΗ ΛΙΑΝΙΚΗΣ 	Τρόφιμα	800764388	ΕΛΛΗΝΙΚΕΣ ΥΠΕΡΑΓΟΡΕΣ ΣΚΛΑΒΕΝΙΤΗΣ ΑΝΩΝΥΜΗ ΕΜΠΟΡΙΚΗ ΕΤΑΙΡΕΙΑ
ΑΠΟΔΕΙΞΗ ΛΙΑΝΙΚΗΣ 	Τρόφιμα	093683423	Λίντλ Ελλάς και Σια Ομόρρυθμη Εταιρία
ΑΠΟΔΕΙΞΗ ΛΙΑΝΙΚΗΣ 	Τρόφιμα	801660745	ΦΡΟΥΤΑΓΟΡΑ ΛΥΚΟΒΡΥΣΗΣ ΜΟΝΟΠΡΟΣΩΠΗ Ι.Κ.Ε.
ΑΠΟΔΕΙΞΗ ΛΙΑΝΙΚΗΣ 	Τρόφιμα	094025817	ΑΛΦΑ-ΒΗΤΑ ΒΑΣΙΛΟΠΟΥΛΟΣ ΜΟΝΟΠΡΟΣΩΠΗ ΑΝΩΝΥΜΗ ΕΤΑΙΡΙΑ
ΑΠΟΔΕΙΞΗ ΛΙΑΝΙΚΗΣ 	Τρόφιμα	800764388	ΕΛΛΗΝΙΚΕΣ ΥΠΕΡΑΓΟΡΕΣ ΣΚΛΑΒΕΝΙΤΗΣ ΑΝΩΝΥΜΗ ΕΜΠΟΡΙΚΗ ΕΤΑΙΡΕΙΑ
ΑΠΟΔΕΙΞΗ ΛΙΑΝΙΚΗΣ 	Τρόφιμα	800764388	ΕΛΛΗΝΙΚΕΣ ΥΠΕΡΑΓΟΡΕΣ ΣΚΛΑΒΕΝΙΤΗΣ ΑΝΩΝΥΜΗ ΕΜΠΟΡΙΚΗ ΕΤΑΙΡΕΙΑ
ΑΠΟΔΕΙΞΗ ΛΙΑΝΙΚΗΣ 	Τρόφιμα	997165364	ΚΟΥΛΟΥΡΗΣ ΑΥΓΟΥΣΤΙΝΟΣ ΚΑΙ ΣΙΑ ΕΤΕΡΟΡΡΥΘΜΟΣ ΕΤΑΙΡΕΙΑ
ΑΠΟΔΕΙΞΗ ΛΙΑΝΙΚΗΣ 	Τρόφιμα	081912896	ΘΩΜΑΣ ΖΑΧΟΣ-ΑΘΑΝΑΣΙΟΣ ΜΠΑΡΜΠΑΡΟΥΣΗΣ ΟΕ
ΑΠΟΔΕΙΞΗ ΛΙΑΝΙΚΗΣ 	Τρόφιμα	094386010	PREMIER CAPITAL ΕΛΛΑΣ ΑΝΩΝΥΜΗ ΕΤΑΙΡΕΙΑ - Ίδρυση, Εκμετάλλευση και Λειτουργία Εστιατορίων
ΑΠΟΔΕΙΞΗ ΛΙΑΝΙΚΗΣ 	Τρόφιμα	094025817	ΑΛΦΑ-ΒΗΤΑ ΒΑΣΙΛΟΠΟΥΛΟΣ ΜΟΝΟΠΡΟΣΩΠΗ ΑΝΩΝΥΜΗ ΕΤΑΙΡΙΑ
ΑΠΟΔΕΙΞΗ ΛΙΑΝΙΚΗΣ 	Τρόφιμα	094025817	ΑΛΦΑ-ΒΗΤΑ ΒΑΣΙΛΟΠΟΥΛΟΣ ΜΟΝΟΠΡΟΣΩΠΗ ΑΝΩΝΥΜΗ ΕΤΑΙΡΙΑ
ΑΠΟΔΕΙΞΗ ΛΙΑΝΙΚΗΣ 	Τρόφιμα	094025817	ΑΛΦΑ-ΒΗΤΑ ΒΑΣΙΛΟΠΟΥΛΟΣ ΜΟΝΟΠΡΟΣΩΠΗ ΑΝΩΝΥΜΗ ΕΤΑΙΡΙΑ
ΑΠΟΔΕΙΞΗ ΛΙΑΝΙΚΗΣ 	Τρόφιμα	800764388	ΕΛΛΗΝΙΚΕΣ ΥΠΕΡΑΓΟΡΕΣ ΣΚΛΑΒΕΝΙΤΗΣ ΑΝΩΝΥΜΗ ΕΜΠΟΡΙΚΗ ΕΤΑΙΡΕΙΑ
ΑΠΟΔΕΙΞΗ ΛΙΑΝΙΚΗΣ 	Τρόφιμα	094025817	ΑΛΦΑ-ΒΗΤΑ ΒΑΣΙΛΟΠΟΥΛΟΣ ΜΟΝΟΠΡΟΣΩΠΗ ΑΝΩΝΥΜΗ ΕΤΑΙΡΙΑ
ΑΠΟΔΕΙΞΗ ΛΙΑΝΙΚΗΣ 	Τρόφιμα	094025817	ΑΛΦΑ-ΒΗΤΑ ΒΑΣΙΛΟΠΟΥΛΟΣ ΜΟΝΟΠΡΟΣΩΠΗ ΑΝΩΝΥΜΗ ΕΤΑΙΡΙΑ
ΑΠΟΔΕΙΞΗ ΛΙΑΝΙΚΗΣ 	Τρόφιμα	094025817	ΑΛΦΑ-ΒΗΤΑ ΒΑΣΙΛΟΠΟΥΛΟΣ ΜΟΝΟΠΡΟΣΩΠΗ ΑΝΩΝΥΜΗ ΕΤΑΙΡΙΑ
ΑΠΟΔΕΙΞΗ ΛΙΑΝΙΚΗΣ 	Τρόφιμα	800764388	ΕΛΛΗΝΙΚΕΣ ΥΠΕΡΑΓΟΡΕΣ ΣΚΛΑΒΕΝΙΤΗΣ ΑΝΩΝΥΜΗ ΕΜΠΟΡΙΚΗ ΕΤΑΙΡΕΙΑ
ΑΠΟΔΕΙΞΗ ΛΙΑΝΙΚΗΣ 	Τρόφιμα	094025817	ΑΛΦΑ-ΒΗΤΑ ΒΑΣΙΛΟΠΟΥΛΟΣ ΜΟΝΟΠΡΟΣΩΠΗ ΑΝΩΝΥΜΗ ΕΤΑΙΡΙΑ
ΑΠΟΔΕΙΞΗ ΛΙΑΝΙΚΗΣ 	Τρόφιμα	800764388	ΕΛΛΗΝΙΚΕΣ ΥΠΕΡΑΓΟΡΕΣ ΣΚΛΑΒΕΝΙΤΗΣ ΑΝΩΝΥΜΗ ΕΜΠΟΡΙΚΗ ΕΤΑΙΡΕΙΑ
ΑΠΟΔΕΙΞΗ ΛΙΑΝΙΚΗΣ 	Τρόφιμα	800764388	ΕΛΛΗΝΙΚΕΣ ΥΠΕΡΑΓΟΡΕΣ ΣΚΛΑΒΕΝΙΤΗΣ ΑΝΩΝΥΜΗ ΕΜΠΟΡΙΚΗ ΕΤΑΙΡΕΙΑ
ΑΠΟΔΕΙΞΗ ΛΙΑΝΙΚΗΣ 	Τρόφιμα	094025817	ΑΛΦΑ-ΒΗΤΑ ΒΑΣΙΛΟΠΟΥΛΟΣ ΜΟΝΟΠΡΟΣΩΠΗ ΑΝΩΝΥΜΗ ΕΤΑΙΡΙΑ
ΑΠΟΔΕΙΞΗ ΛΙΑΝΙΚΗΣ 	Τρόφιμα	800694855	ΤΣΑΜΠΙΡΑΣ ΣΤΕΡΓΙΟΣ ΜΟΝΟΠΡΟΣΩΠΗ ΙΔΩΤΙΚΗ ΚΕΦΑΛΑΙΟΥΧΙΚΗ ΕΤΑΙΡΕΙΑ
ΑΠΟΔΕΙΞΗ ΛΙΑΝΙΚΗΣ 	Τρόφιμα	800764388	ΕΛΛΗΝΙΚΕΣ ΥΠΕΡΑΓΟΡΕΣ ΣΚΛΑΒΕΝΙΤΗΣ ΑΝΩΝΥΜΗ ΕΜΠΟΡΙΚΗ ΕΤΑΙΡΕΙΑ
ΑΠΟΔΕΙΞΗ ΛΙΑΝΙΚΗΣ 	Τρόφιμα	800764388	ΕΛΛΗΝΙΚΕΣ ΥΠΕΡΑΓΟΡΕΣ ΣΚΛΑΒΕΝΙΤΗΣ ΑΝΩΝΥΜΗ ΕΜΠΟΡΙΚΗ ΕΤΑΙΡΕΙΑ
ΑΠΟΔΕΙΞΗ ΛΙΑΝΙΚΗΣ 	Είδη	059443721	ΜΟΡΑΡΗΣ ΕΜΜΑΝΟΥΗΛ ΤΟΥ ΒΑΣΙΛΕΙΟΥ
ΑΠΟΔΕΙΞΗ ΛΙΑΝΙΚΗΣ 	Καύσιμα	800914520	ΕΝΕΡΤΖΥ ΦΙΟΥΕΛ Ε.Ε.
ΑΠΟΔΕΙΞΗ ΛΙΑΝΙΚΗΣ 	Ιατρικά - Παραφαρμακευτικά	157266105	ΝΙΚΟΛΕΤΑ ΓΙΑΤΑΓΑΝΑ
ΑΠΟΔΕΙΞΗ ΛΙΑΝΙΚΗΣ 	Καύσιμα	094475066	ΜΥΡΤΕΑ ΑΝΩΝΥΜΟΣ ΕΤΑΙΡΕΙΑ ΕΜΠΟΡΙΟΥ, ΑΠΟΘΗΚΕΥΣΕΩΣ, ΑΝΤΙΠΡΟΣΩΠΕΙΩΝ ΠΕΤΡΕΛΑΙΟΕΙΔΩΝ ΚΑΙ ΠΑΡΟΧΗΣ ΥΠΗΡΕΣΙΩΝ
ΑΠΟΔΕΙΞΗ ΛΙΑΝΙΚΗΣ 	Είδη	996987534	LIWE GREECE ΕΤΑΙΡΕΙΑ ΠΕΡΙΟΡΙΣΜΕΝΗΣ ΕΥΘΥΝΗΣ
ΑΠΟΔΕΙΞΗ ΛΙΑΝΙΚΗΣ 	Καύσιμα	997573490	Θ. ΜΠΑΡΛΟΣ & ΣΙΑ Ο.Ε.
ΑΠΟΔΕΙΞΗ ΛΙΑΝΙΚΗΣ 	Καύσιμα	999329740	ΠΟΛΥΒΙΟΣ ΡΟΣΓΟΒΑΣ ΚΑΙ ΣΙΑ ΟΕ
ΑΠΟΔΕΙΞΗ ΛΙΑΝΙΚΗΣ 	Καύσιμα	999644611	ΚΑΛΥΨΩ Κ.Ε.Α. ΜΟΝΟΠΡΟΣΩΠΗ ΑΝΩΝΥΜΗ ΕΤΑΙΡΕΙΑ ΕΜΠΟΡΙΑΣ ΠΕΤΡΕΛΑΙΟΕΙΔΩΝ ΚΑΙ ΛΟΙΠΩΝ ΠΡΟΪΟΝΤΩΝ ΚΑΙ ΠΑΡΟΧΗΣ ΥΠΗΡΕΣΙΩΝ
ΑΠΟΔΕΙΞΗ ΛΙΑΝΙΚΗΣ 	Είδη	999079170	SGB ΕΛΛΗΝΙΚΗ ΕΤΑΙΡΕΙΑ ΙΔΙΟΚΑΤΑΣΚΕΥΩΝ ΑΝΩΝΥΜΗ ΕΤΑΙΡΕΙΑ
ΑΠΟΔΕΙΞΗ ΛΙΑΝΙΚΗΣ 	Τρόφιμα	115305378	ΣΑΓΡΕΔΟΣ ΙΩΑΝΝΗΣ ΤΟΥ ΠΕΤΡΟΥ
ΑΠΟΔΕΙΞΗ ΛΙΑΝΙΚΗΣ 	Τρόφιμα	095735628	ΑΡΤΟΠΟΙΪΑ ΣΟΥΠΕΡ ΜΑΡΚΕΤ Α. ΓΙΑΛΕΡΝΙΟΥ ΗΠΕΙΡΩΤΙΣΑ ΕΤΑΙΡΕΙΑ ΠΕΡΙΟΡΙΣΜΕΝΗΣ ΕΥΘΥΝΗΣ
ΑΠΟΔΕΙΞΗ ΛΙΑΝΙΚΗΣ 	Ιατρικά - Παραφαρμακευτικά	043639692	ΣΤΑΘΟΠΟΥΛΟΣ ΣΤΑΥΡΟΣ
ΑΠΟΔΕΙΞΗ ΛΙΑΝΙΚΗΣ 	Τρόφιμα	801436907	SOUVLAKI GLYFADA ΜΟΝΟΠΡΟΣΩΠΗ ΙΔΙΩΤΙΚΗ ΚΕΦΑΛΑΙΟΥΧΙΚΗ ΕΤΑΙΡΙΑ
ΑΠΟΔΕΙΞΗ ΕΙΣΠΡΑΞΗΣ ΕΝΟΙΚΙΟΥ	Ενοίκιο Έδρας	062660959	ΣΩΤΗΡΟΠΟΥΛΟΥ ΠΑΝΑΓΙΩΤΑ
ΤΙΜΟΛΟΓΙΟ ΠΩΛΗΣΗΣ	Είδη	094173365	JUMBO ΑΝΩΝΥΜΗ ΕΜΠΟΡΙΚΗ ΕΤΑΙΡΕΙΑ
ΑΠΟΔΕΙΞΗ ΛΙΑΝΙΚΗΣ 	Είδη	094173365	JUMBO ΑΝΩΝΥΜΗ ΕΜΠΟΡΙΚΗ ΕΤΑΙΡΕΙΑ
ΑΠΟΔΕΙΞΗ ΛΙΑΝΙΚΗΣ 	Είδη	094173365	JUMBO ΑΝΩΝΥΜΗ ΕΜΠΟΡΙΚΗ ΕΤΑΙΡΕΙΑ
ΑΠΟΔΕΙΞΗ ΛΙΑΝΙΚΗΣ 	Είδη	998104276	BLUE COMPANY A.E.
ΑΠΟΔΕΙΞΗ ΛΙΑΝΙΚΗΣ 	Είδη	801134690	Ι ΖΟΥΤΣΟΣ Κ ΚΟΡΑΣΙΔΗΣ ΟΕ
ΑΠΟΔΕΙΞΗ ΛΙΑΝΙΚΗΣ 	Μεταφορικά	800863970	ΣΚΡΟΥΤΖ ΑΝΩΝΥΜΗ ΕΤΑΙΡΕΙΑ ΥΠΗΡΕΣΙΕΣ ΔΙΑΔΙΚΤΥΟΥ
ΤΙΜΟΛΟΓΙΟ ΠΩΛΗΣΗΣ	Είδη	094173365	JUMBO ΑΝΩΝΥΜΗ ΕΜΠΟΡΙΚΗ ΕΤΑΙΡΕΙΑ
ΤΙΜΟΛΟΓΙΟ ΠΩΛΗΣΗΣ	Μετακίνηση	095759755	ΑΜΑΘΟΥΣ ΕΛΛΑΣ ΑΝΩΝΥΜΟΣ ΤΟΥΡΙΣΤΙΚΗ ΕΤΑΙΡΕΙΑ
ΤΙΜΟΛΟΓΙΟ ΠΑΡΟΧΗΣ ΥΠΗΡΕΣΙΩΝ	Λογιστικές Υπηρεσίες	801087205	KGK ΛΟΓΙΣΤΙΚΗ-ΦΟΡΟΤΕΧΝΙΚΗ ΕΕ
ΤΙΜΟΛΟΓΙΟ ΠΑΡΟΧΗΣ ΥΠΗΡΕΣΙΩΝ	Έξοδα συμμετοχής σε Πρόγραμμα Ανταλλαγής Νέων	DE-27/670/54879	Kreisau-Initiative e.V.
ΤΙΜΟΛΟΓΙΟ ΠΑΡΟΧΗΣ ΥΠΗΡΕΣΙΩΝ	Παροχή Υπηρεσιών	CZ-18629008	INEX - Association for Voluntary Activities (INEX – SDA)
ΑΠΟΔΕΙΞΗ ΛΙΑΝΙΚΗΣ 	Τρόφιμα	997565126	ΤΟ ΚΡΕΟΠΩΛΕΙΟ ΤΗΣ ΑΓΟΡΑΣ Ε.Ε.
ΑΠΟΔΕΙΞΗ ΛΙΑΝΙΚΗΣ 	Τρόφιμα	094025817	ΑΛΦΑ-ΒΗΤΑ ΒΑΣΙΛΟΠΟΥΛΟΣ ΜΟΝΟΠΡΟΣΩΠΗ ΑΝΩΝΥΜΗ ΕΤΑΙΡΙΑ
ΑΠΟΔΕΙΞΗ ΛΙΑΝΙΚΗΣ 	Τρόφιμα	801408110	ΣΟΥΒΛΑΚΙ ΚΑΙΣΑΡΙΑΝΗ Ε.Ε.
ΑΠΟΔΕΙΞΗ ΛΙΑΝΙΚΗΣ 	Τρόφιμα	997167751	ΡΑΧΟΥΤΗΣ Ι.-ΠΑΠΑΔΟΠΟΥΛΟΥ Μ.Ο.Ε.
ΑΠΟΔΕΙΞΗ ΛΙΑΝΙΚΗΣ 	Τρόφιμα	094025817	ΑΛΦΑ-ΒΗΤΑ ΒΑΣΙΛΟΠΟΥΛΟΣ ΜΟΝΟΠΡΟΣΩΠΗ ΑΝΩΝΥΜΗ ΕΤΑΙΡΙΑ
ΑΠΟΔΕΙΞΗ ΛΙΑΝΙΚΗΣ 	Τρόφιμα	093683423	Λίντλ Ελλάς και Σια Ομόρρυθμη Εταιρία
ΑΠΟΔΕΙΞΗ ΛΙΑΝΙΚΗΣ 	Τρόφιμα	093683423	Λίντλ Ελλάς και Σια Ομόρρυθμη Εταιρία
ΑΠΟΔΕΙΞΗ ΛΙΑΝΙΚΗΣ 	Τρόφιμα	800764388	ΕΛΛΗΝΙΚΕΣ ΥΠΕΡΑΓΟΡΕΣ ΣΚΛΑΒΕΝΙΤΗΣ ΑΝΩΝΥΜΗ ΕΜΠΟΡΙΚΗ ΕΤΑΙΡΕΙΑ
ΑΠΟΔΕΙΞΗ ΛΙΑΝΙΚΗΣ 	Τρόφιμα	800764388	ΕΛΛΗΝΙΚΕΣ ΥΠΕΡΑΓΟΡΕΣ ΣΚΛΑΒΕΝΙΤΗΣ ΑΝΩΝΥΜΗ ΕΜΠΟΡΙΚΗ ΕΤΑΙΡΕΙΑ
ΑΠΟΔΕΙΞΗ ΛΙΑΝΙΚΗΣ 	Τρόφιμα	997729360	ΔΕΚΑ-ΤΡΟΦΙΜΑ ΕΤΑΙΡΕΙΑ ΠΕΡΙΩΡΙΣΜΕΝΗΣ ΕΥΘΥΝΗΣ
ΑΠΟΔΕΙΞΗ ΛΙΑΝΙΚΗΣ 	Τρόφιμα	800764388	ΕΛΛΗΝΙΚΕΣ ΥΠΕΡΑΓΟΡΕΣ ΣΚΛΑΒΕΝΙΤΗΣ ΑΝΩΝΥΜΗ ΕΜΠΟΡΙΚΗ ΕΤΑΙΡΕΙΑ
ΑΠΟΔΕΙΞΗ ΛΙΑΝΙΚΗΣ 	Τρόφιμα	093683423	Λίντλ Ελλάς και Σια Ομόρρυθμη Εταιρία
ΑΠΟΔΕΙΞΗ ΛΙΑΝΙΚΗΣ 	Τρόφιμα	093683423	Λίντλ Ελλάς και Σια Ομόρρυθμη Εταιρία
ΑΠΟΔΕΙΞΗ ΛΙΑΝΙΚΗΣ 	Τρόφιμα	998771189	ΜΑΡΚΕΤ ΙΝ ΑΝΩΝΥΜΗ ΕΜΠΟΡΟΒΙΟΜΗΧΑΝΙΚΗ ΕΤΑΙΡΕΙΑ ΑΝΑΛΩΣΙΜΩΝ ΠΡΟΪΟΝΤΩΝ - ΣΥΣΚΕΥΑΣΙΩΝ - ΔΙΑΝΟΜΩΝ - ΜΕΤΑΦΟΡΩΝ - ΕΙΣΑΓΩΓΩΝ - ΕΞΑΓΩΓΩΝ
ΑΠΟΔΕΙΞΗ ΛΙΑΝΙΚΗΣ 	Τρόφιμα	094025817	ΑΛΦΑ-ΒΗΤΑ ΒΑΣΙΛΟΠΟΥΛΟΣ ΜΟΝΟΠΡΟΣΩΠΗ ΑΝΩΝΥΜΗ ΕΤΑΙΡΙΑ
ΑΠΟΔΕΙΞΗ ΛΙΑΝΙΚΗΣ 	Τρόφιμα	801379160	ΜΟΡΕΛΛΑΣ Β. & ΝΙΚΟΛΑ Ε. Ο.Ε.
ΑΠΟΔΕΙΞΗ ΛΙΑΝΙΚΗΣ 	Τρόφιμα	081951338	ΚΩΝ/ΝΟΣ ΠΑΠΑΣΤΑΥΡΟΥ - ΑΝΝΑ ΦΩΤΟΥ Ο.Ε.
ΑΠΟΔΕΙΞΗ ΛΙΑΝΙΚΗΣ 	Τρόφιμα	095735628	ΑΡΤΟΠΟΙΪΑ ΣΟΥΠΕΡ ΜΑΡΚΕΤ Α. ΓΙΑΛΕΡΝΙΟΥ ΗΠΕΙΡΩΤΙΣΑ ΕΤΑΙΡΕΙΑ ΠΕΡΙΟΡΙΣΜΕΝΗΣ ΕΥΘΥΝΗΣ
ΑΠΟΔΕΙΞΗ ΛΙΑΝΙΚΗΣ 	Τρόφιμα	046051263	ΚΩΤΣΗΣ ΔΗΜΗΤΡΙΟΣ ΤΟΥ ΗΡΑΚΛΗ
ΑΠΟΔΕΙΞΗ ΛΙΑΝΙΚΗΣ 	Τρόφιμα	800764388	ΕΛΛΗΝΙΚΕΣ ΥΠΕΡΑΓΟΡΕΣ ΣΚΛΑΒΕΝΙΤΗΣ ΑΝΩΝΥΜΗ ΕΜΠΟΡΙΚΗ ΕΤΑΙΡΕΙΑ
ΑΠΟΔΕΙΞΗ ΛΙΑΝΙΚΗΣ 	Τρόφιμα	094471750	ΒΕΝΕΤΗΣ ΑΝΩΝΥΜΗ ΒΙΟΜΗΧΑΝΙΚΗ ΚΑΙ ΕΜΠΟΡΙΚΗ ΕΤΑΙΡΕΙΑ ΤΡΟΦΙΜΩΝ
ΑΠΟΔΕΙΞΗ ΛΙΑΝΙΚΗΣ 	Τρόφιμα	094025817	ΑΛΦΑ-ΒΗΤΑ ΒΑΣΙΛΟΠΟΥΛΟΣ ΜΟΝΟΠΡΟΣΩΠΗ ΑΝΩΝΥΜΗ ΕΤΑΙΡΙΑ
ΑΠΟΔΕΙΞΗ ΛΙΑΝΙΚΗΣ 	Τρόφιμα	093683423	Λίντλ Ελλάς και Σια Ομόρρυθμη Εταιρία
ΑΠΟΔΕΙΞΗ ΛΙΑΝΙΚΗΣ 	Καύσιμα	082521975	ΑΦΟΙ ΚΥΡΙΑΚΗ Ο.Ε.
ΑΠΟΔΕΙΞΗ ΛΙΑΝΙΚΗΣ 	Φάρμακα-Παραφάρμακα	139563116	ΚΑΤΣΟΥΛΩΤΟΣ ΚΩΝΣΤΑΝΤΙΝΟΣ
ΑΠΟΔΕΙΞΗ ΛΙΑΝΙΚΗΣ 	Τρόφιμα	800764388	ΕΛΛΗΝΙΚΕΣ ΥΠΕΡΑΓΟΡΕΣ ΣΚΛΑΒΕΝΙΤΗΣ ΑΝΩΝΥΜΗ ΕΜΠΟΡΙΚΗ ΕΤΑΙΡΕΙΑ
ΑΠΟΔΕΙΞΗ ΛΙΑΝΙΚΗΣ 	Καύσιμα	997573490	Θ. ΜΠΑΡΛΟΣ & ΣΙΑ Ο.Ε.
ΑΠΟΔΕΙΞΗ ΛΙΑΝΙΚΗΣ 	Είδη	112072296	ΤΟΛΙΑΣ ΗΛΙΑΣ-ΓΕΡΑΣΙΜΟΣ ΤΟΥ ΙΩΑΝΝΗ
ΑΠΟΔΕΙΞΗ ΛΙΑΝΙΚΗΣ 	Είδη	107138885	ΣΚΟΥΡΑΣ ΝΙΚΟΛΑΟΣ ΤΟΥ ΓΕΩΡΓΙΟΥ
ΑΠΟΔΕΙΞΗ ΛΙΑΝΙΚΗΣ 	Eίδη	099757704	HOUSEMARKET ΑΝΩΝΥΜΗ ΕΤΑΙΡΕΙΑ ΕΜΠΟΡΙΑΣ ΕΙΔΩΝ ΟΙΚΙΑΚΗΣ ΧΡΗΣΕΩΣ ΕΠΙΠΛΩΝ ΚΑΙ ΕΙΔΩΝ ΕΣΤΙΑΣΗΣ
ΑΠΟΔΕΙΞΗ ΛΙΑΝΙΚΗΣ 	Καύσιμα	997573490	Θ. ΜΠΑΡΛΟΣ & ΣΙΑ Ο.Ε.
ΑΠΟΔΕΙΞΗ ΛΙΑΝΙΚΗΣ 	Eίδη	112881087	ΗΡΑΚΛΗΣ ΠΑΝΑΓΙΩΤΟΠΟΥΛΟΣ ΤΟΥ ΙΩΑΝΝΗ
ΑΠΟΔΕΙΞΗ ΛΙΑΝΙΚΗΣ 	Eίδη	112072296	ΤΟΛΙΑΣ ΗΛΙΑΣ-ΓΕΡΑΣΙΜΟΣ ΤΟΥ ΙΩΑΝΝΗ
ΑΠΟΔΕΙΞΗ ΛΙΑΝΙΚΗΣ 	Eίδη	801081317	ΦΙΞ ΑΝΤ ΚΕΙΣ ΥΠΗΡΕΣΙΕΣ ΚΙΝΗΤΗΣ ΤΗΛΕΦΩΝΙΑΣ ΙΔΙΩΤΙΚΗ ΚΕΦΑΛΑΙΟΥΧΙΚΗ ΕΤΑΙΡΙΑ
ΑΠΟΔΕΙΞΗ ΛΙΑΝΙΚΗΣ 	Τρόφιμα	800478730	ΕΛΕΝΑ Α. ΚΟΥΡΤΗΣ ΚΑΙ ΣΙΑ ΕΕ
ΑΠΟΔΕΙΞΗ ΕΙΣΠΡΑΞΗΣ ΕΝΟΙΚΙΟΥ	Ενοίκιο Έδρας	062660959	ΣΩΤΗΡΟΠΟΥΛΟΥ ΠΑΝΑΓΙΩΤΑ
Τύπος Παραστατικού	Αντικείμενο Συναλλαγής	ΑΦΜ Εκδότη	Επωνυμία Εκδότη
ΑΠΟΔΕΙΞΗ ΛΙΑΝΙΚΗΣ 	Είδη	141654273	ΝΙΚΟΛΟΠΟΥΛΟΣ ΜΙΧΑΗΛ ΤΟΥ ΒΑΣΙΛΕΙΟΥ
ΤΙΜΟΛΟΓΙΟ ΠΩΛΗΣΗΣ	Είδη	094222211	ΠΛΑΙΣΙΟ COMPUTERS ΑΝΩΝΥΜΗ ΕΜΠΟΡΙΚΗ ΚΑΙ ΒΙΟΜΗΧΑΝΙΚΗ ΕΤΑΙΡΕΙΑ ΗΛΕΚΤΡΟΝΙΚΩΝ ΥΠΟΛΟΓΙΣΤΩΝ ΚΑΙ ΕΙΔΩΝ ΒΙΒΛΙΟΧΑΡΤΟΠΩΛΕΙΟΥ
ΑΠΟΔΕΙΞΗ ΛΙΑΝΙΚΗΣ 	Μεταφορικά	800863970	ΣΚΡΟΥΤΖ ΑΝΩΝΥΜΗ ΕΤΑΙΡΕΙΑ ΥΠΗΡΕΣΙΕΣ ΔΙΑΔΙΚΤΥΟΥ
ΤΙΜΟΛΟΓΙΟ ΠΩΛΗΣΗΣ	Μετακίνηση	999082370	ΚΡΗΤΙΚΕΣ ΑΕΡΟΠΟΡΙΚΕΣ ΕΚΜΕΤΑΛΛΕΥΣΕΙΣ ΑΕΡΟΠΟΡΙΚΗ ΚΑΙ ΕΜΠΟΡΙΚΗ ΑΝΩΝΥΜΗ ΕΤΑΙΡΕΙΑ
ΤΙΜΟΛΟΓΙΟ ΠΩΛΗΣΗΣ	Μετακίνηση	B61965778	Vacaciones eDreams S.L.U.
ΑΠΟΔΕΙΞΗ ΛΙΑΝΙΚΗΣ 	Μετακίνηση	FR 58 512 277 450	Trainline Group
ΤΙΜΟΛΟΓΙΟ ΠΩΛΗΣΗΣ	Μετακίνηση	CZ29352886	Kiwi.com s.r.o.
ΑΠΟΔΕΙΞΗ ΛΙΑΝΙΚΗΣ 	Μετακίνηση	IE4749148U	RYANAIR DAC
ΑΠΟΔΕΙΞΗ ΛΙΑΝΙΚΗΣ 	Μεταφορικά	800863970	ΣΚΡΟΥΤΖ ΑΝΩΝΥΜΗ ΕΤΑΙΡΕΙΑ ΥΠΗΡΕΣΙΕΣ ΔΙΑΔΙΚΤΥΟΥ
ΑΠΟΔΕΙΞΗ ΛΙΑΝΙΚΗΣ 	Τρόφιμα	998132320	ΝΑΟΜΙ ΣΙΤΖΙΛΛΟ-ΤΑΛΙΤΑ ΣΙΤΖΙΛΛΟ ΟΕ
ΑΠΟΔΕΙΞΗ ΛΙΑΝΙΚΗΣ 	Τρόφιμα	093683423	Λίντλ Ελλάς και Σια Ομόρρυθμη Εταιρία
ΑΠΟΔΕΙΞΗ ΛΙΑΝΙΚΗΣ 	Τρόφιμα	801274465	ΧΟΥΖΟΥΡΗΣ Ι. ΜΠΛΕΤΣΑΣ Κ. Ο.Ε.
ΑΠΟΔΕΙΞΗ ΛΙΑΝΙΚΗΣ 	Τρόφιμα	026596710	ΛΑΨΑΤΗΣ ΠΑΝΑΓΙΩΤΗΣ ΤΟΥ ΚΩΝΣΤΑΝΤΙΝΟΥ
ΑΠΟΔΕΙΞΗ ΛΙΑΝΙΚΗΣ 	Τρόφιμα	997548013	ΕΛ. ΠΑΝΑΓΙΩΤΟΠΟΥΛΟΥ-ΑΘ. ΚΟΥΚΟΥΒΕΣ & ΣΙΑ ΟΕ
ΑΠΟΔΕΙΞΗ ΛΙΑΝΙΚΗΣ 	Τρόφιμα	997548013	ΕΛ. ΠΑΝΑΓΙΩΤΟΠΟΥΛΟΥ-ΑΘ. ΚΟΥΚΟΥΒΕΣ & ΣΙΑ ΟΕ
ΑΠΟΔΕΙΞΗ ΛΙΑΝΙΚΗΣ 	Είδη	093683423	Λίντλ Ελλάς και Σια Ομόρρυθμη Εταιρία
ΑΠΟΔΕΙΞΗ ΛΙΑΝΙΚΗΣ 	Τρόφιμα	094025817	ΑΛΦΑ-ΒΗΤΑ ΒΑΣΙΛΟΠΟΥΛΟΣ ΜΟΝΟΠΡΟΣΩΠΗ ΑΝΩΝΥΜΗ ΕΤΑΙΡΙΑ
ΑΠΟΔΕΙΞΗ ΛΙΑΝΙΚΗΣ 	Τρόφιμα	094063140	Διαμαντής Μασούτης Α.Ε. ΣΟΥΠΕΡ ΜΑΡΚΕΤ
ΑΠΟΔΕΙΞΗ ΛΙΑΝΙΚΗΣ 	Τρόφιμα	093683423	Λίντλ Ελλάς και Σια Ομόρρυθμη Εταιρία
ΑΠΟΔΕΙΞΗ ΛΙΑΝΙΚΗΣ 	Τρόφιμα	109306069	ΣΥΜΕΩΝ ΝΙΚΟΛΟΥ ΠΟΔΟΤΑΣ
ΑΠΟΔΕΙΞΗ ΛΙΑΝΙΚΗΣ 	Τρόφιμα	998862075	Α ΒΑΣΟΣ ΚΑΙ ΣΙΑ ΟΕ
ΑΠΟΔΕΙΞΗ ΛΙΑΝΙΚΗΣ 	Τρόφιμα	800764388	ΕΛΛΗΝΙΚΕΣ ΥΠΕΡΑΓΟΡΕΣ ΣΚΛΑΒΕΝΙΤΗΣ ΑΝΩΝΥΜΗ ΕΜΠΟΡΙΚΗ ΕΤΑΙΡΕΙΑ
ΑΠΟΔΕΙΞΗ ΛΙΑΝΙΚΗΣ 	Τρόφιμα	095758330	ΒΑΦΕΙΑΔΗΣ ΜΟΝΟΠΡΟΣΩΠΗ ΕΤΑΙΡΕΙΑ ΠΕΡΙΟΡΙΣΜΕΝΗΣ ΕΥΘΥΝΗΣ
ΑΠΟΔΕΙΞΗ ΛΙΑΝΙΚΗΣ 	Τρόφιμα	094025817	ΑΛΦΑ-ΒΗΤΑ ΒΑΣΙΛΟΠΟΥΛΟΣ ΜΟΝΟΠΡΟΣΩΠΗ ΑΝΩΝΥΜΗ ΕΤΑΙΡΙΑ
ΑΠΟΔΕΙΞΗ ΛΙΑΝΙΚΗΣ 	Τρόφιμα	997368710	Π. ΜΠΑΤΖΙΟΣ - Γ. ΜΑΚΟΣ ΟΕ
ΑΠΟΔΕΙΞΗ ΛΙΑΝΙΚΗΣ 	Τρόφιμα	093683423	Λίντλ Ελλάς και Σια Ομόρρυθμη Εταιρία
ΑΠΟΔΕΙΞΗ ΛΙΑΝΙΚΗΣ 	Τρόφιμα	094025817	ΑΛΦΑ-ΒΗΤΑ ΒΑΣΙΛΟΠΟΥΛΟΣ ΜΟΝΟΠΡΟΣΩΠΗ ΑΝΩΝΥΜΗ ΕΤΑΙΡΙΑ
ΑΠΟΔΕΙΞΗ ΛΙΑΝΙΚΗΣ 	Τρόφιμα	130091085	ΠΡΑΣΙΝΟΣ ΚΩΝ/ΝΟΣ ΤΟΥ ΑΘΑΝΑΣΙΟΥ
ΑΠΟΔΕΙΞΗ ΛΙΑΝΙΚΗΣ 	Τρόφιμα	800764388	ΕΛΛΗΝΙΚΕΣ ΥΠΕΡΑΓΟΡΕΣ ΣΚΛΑΒΕΝΙΤΗΣ ΑΝΩΝΥΜΗ ΕΜΠΟΡΙΚΗ ΕΤΑΙΡΕΙΑ
ΑΠΟΔΕΙΞΗ ΛΙΑΝΙΚΗΣ 	Τρόφιμα	094025817	ΑΛΦΑ-ΒΗΤΑ ΒΑΣΙΛΟΠΟΥΛΟΣ ΜΟΝΟΠΡΟΣΩΠΗ ΑΝΩΝΥΜΗ ΕΤΑΙΡΙΑ
ΑΠΟΔΕΙΞΗ ΛΙΑΝΙΚΗΣ 	Τρόφιμα	800764388	ΕΛΛΗΝΙΚΕΣ ΥΠΕΡΑΓΟΡΕΣ ΣΚΛΑΒΕΝΙΤΗΣ ΑΝΩΝΥΜΗ ΕΜΠΟΡΙΚΗ ΕΤΑΙΡΕΙΑ
ΑΠΟΔΕΙΞΗ ΛΙΑΝΙΚΗΣ 	Τρόφιμα	800764388	ΕΛΛΗΝΙΚΕΣ ΥΠΕΡΑΓΟΡΕΣ ΣΚΛΑΒΕΝΙΤΗΣ ΑΝΩΝΥΜΗ ΕΜΠΟΡΙΚΗ ΕΤΑΙΡΕΙΑ
ΑΠΟΔΕΙΞΗ ΛΙΑΝΙΚΗΣ 	Τρόφιμα	801292274	ΜΑΡΜΑΡΙ ΜΑΡΚΕΤ ΜΟΝΟΠΡΟΣΩΠΗ Ι.Κ.Ε.
ΑΠΟΔΕΙΞΗ ΛΙΑΝΙΚΗΣ 	Τρόφιμα	094247924	ΑΝΩΝΥΜΗ ΕΙΣΑΓΩΓΙΚΗ ΕΞΑΓΩΓΙΚΗ - ΕΜΠΟΡΙΚΗ ΑΝΤΙΠΡΟΣΩΠΕΥΤΙΚΗ ΕΤΑΙΡΕΙΑ ΤΡΟΦΙΜΩΝ - ΕΙΔΩΝ ΟΙΚΙΑΚΗΣ ΧΡΗΣΕΩΣ - ΑΝΕΔΗΚ ΚΡΗΤΙΚΟΣ
ΑΠΟΔΕΙΞΗ ΛΙΑΝΙΚΗΣ 	Τρόφιμα	800847434	7 CACTUS GREEK STREET DELI E.E.
ΑΠΟΔΕΙΞΗ ΛΙΑΝΙΚΗΣ 	Τρόφιμα	800847434	7 CACTUS GREEK STREET DELI E.E.
ΑΠΟΔΕΙΞΗ ΛΙΑΝΙΚΗΣ 	Τρόφιμα	099684443	ΓΕΩΡΓΙΟΣ ΕΛΕΥΘ.ΧΡΙΣΤΟΠΟΥΛΟΣ ΚΑΙ ΣΙΑ ΟΕ
ΑΠΟΔΕΙΞΗ ΛΙΑΝΙΚΗΣ 	Τρόφιμα	109310507	ΧΡΗΣΤΟΣ ΕΥΑΓΓΕΛΟΥ ΓΚΟΥΜΑΣ
ΑΠΟΔΕΙΞΗ ΛΙΑΝΙΚΗΣ 	Είδη	081496675	Π ΠΑΝΑΙΔΗΣ ΟΕ
ΑΠΟΔΕΙΞΗ ΛΙΑΝΙΚΗΣ 	Είδη	114865870	ΙΩΑΝΝΗΣ ΒΟΓΙΑΤΖΗΣ ΤΟΥ ΚΩΝΣΤΑΝΤΙΝΟΥ
ΑΠΟΔΕΙΞΗ ΛΙΑΝΙΚΗΣ 	Είδη	999645183	PUBLIC RETAIL ΜΟΝOΠΡΟΣΩΠΗ ΑΝΩΝΥΜΗ ΕΜΠΟΡΙΚΗ ΕΤΑΙΡΕΙΑ ΠΡΟΪΟΝΤΩΝ & ΥΠΗΡΕΣΙΩΝ ΤΕΧΝΟΛΟΓΙΑΣ, ΟΙΚΙΑΚΩΝ ΣΥΣΚΕΥΩΝ, ΕΠΙΚΟΙΝΩΝΙΑΣ, ΨΥΧΑΓΩΓΙΑΣ & ΠΟΛΙΤΙΣΜΟΥ
ΑΠΟΔΕΙΞΗ ΛΙΑΝΙΚΗΣ 	Είδη	099757704	HOUSEMARKET ΑΝΩΝΥΜΗ ΕΤΑΙΡΕΙΑ ΕΜΠΟΡΙΑΣ ΕΙΔΩΝ ΟΙΚΙΑΚΗΣ ΧΡΗΣΕΩΣ ΕΠΙΠΛΩΝ ΚΑΙ ΕΙΔΩΝ ΕΣΤΙΑΣΗΣ
ΑΠΟΔΕΙΞΗ ΛΙΑΝΙΚΗΣ 	Τρόφιμα	094063140	Διαμαντής Μασούτης Α.Ε. ΣΟΥΠΕΡ ΜΑΡΚΕΤ
ΑΠΟΔΕΙΞΗ ΛΙΑΝΙΚΗΣ 	Τρόφιμα	800764388	ΕΛΛΗΝΙΚΕΣ ΥΠΕΡΑΓΟΡΕΣ ΣΚΛΑΒΕΝΙΤΗΣ ΑΝΩΝΥΜΗ ΕΜΠΟΡΙΚΗ ΕΤΑΙΡΕΙΑ
ΑΠΟΔΕΙΞΗ ΛΙΑΝΙΚΗΣ 	Τρόφιμα	800938854	ΜΙΧΑΗΛ ΔΑΓΡΑΚΗΣ & ΣΙΑ ΕΕ
ΑΠΟΔΕΙΞΗ ΛΙΑΝΙΚΗΣ 	Τρόφιμα	093683423	Λίντλ Ελλάς και Σια Ομόρρυθμη Εταιρία
ΑΠΟΔΕΙΞΗ ΛΙΑΝΙΚΗΣ 	Καύσιμα	084276611	Φ. ΣΤΑΙΚΟΣ & ΣΙΑ ΟΕ
ΑΠΟΔΕΙΞΗ ΛΙΑΝΙΚΗΣ 	Είδη	800537407	ΚΥΒΟΣ OFFICE SUPPLIES ΙΔΙΩΤΙΚΗ ΚΕΦΑΛΑΙΟΥΧΙΚΗ ΕΤΑΙΡΕΙΑ
ΑΠΟΔΕΙΞΗ ΛΙΑΝΙΚΗΣ 	Είδη	094077783	DIXONS SOUTH - EAST EUROPE ΑΝΩΝΥΜΗ ΕΜΠΟΡΙΚΗ ΚΑΙ ΒΙΟΜΗΧΑΝΙΚΗ ΕΤΑΙΡΕΙΑ ΗΛΕΚΤΡΙΚΩΝ ΠΛΗΡΟΦΟΡΙΚΗΣ ΤΗΛΕΠΙΚΟΙΝΩΝΙΩΝ ΚΑΙ ΑΣΦΑΛΙΣΤΙΚΩΝ ΔΙΑΜΕΣΟΛΑΒΗΤΩΝ
ΑΠΟΔΕΙΞΗ ΛΙΑΝΙΚΗΣ 	Είδη	998455550	ΔΕΣΠΟΙΝΑ ΣΟΥΓΙΟΥΛΤΖΗ ΚΑΙ ΣΙΑ Ε.Ε.
ΑΠΟΔΕΙΞΗ ΛΙΑΝΙΚΗΣ 	Είδη	044151291	ΕΜΜΑΝΟΥΗΛ ΝΙΚΟΛΑΟΥ ΚΑΡΑΒΗΣ
ΑΠΟΔΕΙΞΗ ΛΙΑΝΙΚΗΣ 	Φάρμακα-Παραφάρμακα	801622292	TFM ΙΔΙΩΤΙΚΗ ΚΕΦΑΛΑΙΟΥΧΙΚΗ ΕΤΑΙΡΕΙΑ
ΑΠΟΔΕΙΞΗ ΛΙΑΝΙΚΗΣ 	Τρόφιμα	800764388	ΕΛΛΗΝΙΚΕΣ ΥΠΕΡΑΓΟΡΕΣ ΣΚΛΑΒΕΝΙΤΗΣ ΑΝΩΝΥΜΗ ΕΜΠΟΡΙΚΗ ΕΤΑΙΡΕΙΑ
ΑΠΟΔΕΙΞΗ ΛΙΑΝΙΚΗΣ 	Τρόφιμα	801810021	ONE FAMILY PROJECT ΙΔΙΩΤΙΚΗ ΚΕΦΑΛΑΙΟΥΧΙΚΗ ΕΤΑΙΡΕΙΑ
ΑΠΟΔΕΙΞΗ ΛΙΑΝΙΚΗΣ 	Τρόφιμα	800694855	ΤΣΑΜΠΙΡΑΣ ΣΤΕΡΓΙΟΣ ΜΟΝΟΠΡΟΣΩΠΗ ΙΔΩΤΙΚΗ ΚΕΦΑΛΑΙΟΥΧΙΚΗ ΕΤΑΙΡΕΙΑ
ΑΠΟΔΕΙΞΗ ΛΙΑΝΙΚΗΣ 	Τρόφιμα	094384144	BAZAAR-ΑΝΩΝΥΜΗ ΨΥΚΤΙΚΗ ΒΙΟΜΗΧΑΝΙΚΗ ΕΜΠΟΡΙΚΗ ΕΤΑΙΡΕΙΑ-ΕΙΔΩΝ ΣΟΥΠΕΡ ΜΑΡΚΕΤ-ΜΕΤΑΦΟΡΙΚΗ-ΞΕΝΟΔΟΧΕΙΑΚΗ & ΤΟΥΡΙΣΤΙΚΗ
ΑΠΟΔΕΙΞΗ ΛΙΑΝΙΚΗΣ 	Τρόφιμα	801345837	ΣΤΑΣΗ ΠΑΓΚΡΑΤΙΟΥ ΤΡΟΦΙΜΩΝ ΚΑΙ ΕΣΤΙΑΣΗΣ Ε.Ε.
ΑΠΟΔΕΙΞΗ ΛΙΑΝΙΚΗΣ 	Είδη	800764388	ΕΛΛΗΝΙΚΕΣ ΥΠΕΡΑΓΟΡΕΣ ΣΚΛΑΒΕΝΙΤΗΣ ΑΝΩΝΥΜΗ ΕΜΠΟΡΙΚΗ ΕΤΑΙΡΕΙΑ
ΑΠΟΔΕΙΞΗ ΛΙΑΝΙΚΗΣ 	Τρόφιμα	800686880	LDMP RESTAURANT ΜΟΝΟΠΡΟΣΩΠΗ Ι.Κ.Ε.
ΑΠΟΔΕΙΞΗ ΛΙΑΝΙΚΗΣ 	Τρόφιμα	094497661	ΣΥΝΕΡΓΑΣΙΑ ΑΝΩΝΥΜΗ ΕΤΑΙΡΙΑ ΣΥΜΜΕΤΟΧΩΝ ΣΕ ΕΠΙΧΕΙΡΗΣΕΙΣ ΕΙΔΩΝ ΔΙΑΤΡΟΦΗΣ
ΑΠΟΔΕΙΞΗ ΛΙΑΝΙΚΗΣ 	Είδη	074059473	ΧΡΗΣΤΟΣ ΧΑΡΑΛΑΜΠΟΥ ΣΑΜΙΩΤΗΣ
ΑΠΟΔΕΙΞΗ ΛΙΑΝΙΚΗΣ 	Τρόφιμα	109324303	EUGENIA MARIN MANAVIDIS
ΑΠΟΔΕΙΞΗ ΛΙΑΝΙΚΗΣ 	Τρόφιμα	801163323	MR. PUFFS LEASE GREECE ΜΟΝΟΠΡΟΣΩΠΗ I.K.E.
ΑΠΟΔΕΙΞΗ ΛΙΑΝΙΚΗΣ 	Τρόφιμα	801163323	MR. PUFFS LEASE GREECE ΜΟΝΟΠΡΟΣΩΠΗ I.K.E.
ΑΠΟΔΕΙΞΗ ΛΙΑΝΙΚΗΣ 	Τρόφιμα	996867014	A.H. WINVEST GREECE LIMITED GREEK BRANCH
ΑΠΟΔΕΙΞΗ ΛΙΑΝΙΚΗΣ 	Τρόφιμα	094497661	ΣΥΝΕΡΓΑΣΙΑ ΑΝΩΝΥΜΗ ΕΤΑΙΡΙΑ ΣΥΜΜΕΤΟΧΩΝ ΣΕ ΕΠΙΧΕΙΡΗΣΕΙΣ ΕΙΔΩΝ ΔΙΑΤΡΟΦΗΣ
ΑΠΟΔΕΙΞΗ ΛΙΑΝΙΚΗΣ 	Τρόφιμα	997548013	ΕΛ. ΠΑΝΑΓΙΩΤΟΠΟΥΛΟΥ-ΑΘ. ΚΟΥΚΟΥΒΕΣ & ΣΙΑ ΟΕ
ΑΠΟΔΕΙΞΗ ΛΙΑΝΙΚΗΣ 	Τρόφιμα	137504920	ΜΟΥΛΛΑΪ ΑΡΜΑΝΤΑ ΤΟΥ ΜΠΑΣΚΙΜ
ΑΠΟΔΕΙΞΗ ΛΙΑΝΙΚΗΣ 	Τρόφιμα	997548013	ΕΛ. ΠΑΝΑΓΙΩΤΟΠΟΥΛΟΥ-ΑΘ. ΚΟΥΚΟΥΒΕΣ & ΣΙΑ ΟΕ
ΑΠΟΔΕΙΞΗ ΛΙΑΝΙΚΗΣ 	Τρόφιμα	997548013	ΕΛ. ΠΑΝΑΓΙΩΤΟΠΟΥΛΟΥ-ΑΘ. ΚΟΥΚΟΥΒΕΣ & ΣΙΑ ΟΕ
ΑΠΟΔΕΙΞΗ ΛΙΑΝΙΚΗΣ 	Τρόφιμα	998087017	ΜΑΡΓΑΡΙΤΗΣ Β. - ΟΡΦΑΝΟΥ Δ. ΟΕ
ΑΠΟΔΕΙΞΗ ΛΙΑΝΙΚΗΣ 	Τρόφιμα	094063140	Διαμαντής Μασούτης Α.Ε. ΣΟΥΠΕΡ ΜΑΡΚΕΤ
ΑΠΟΔΕΙΞΗ ΛΙΑΝΙΚΗΣ 	Τρόφιμα	997548013	ΕΛ. ΠΑΝΑΓΙΩΤΟΠΟΥΛΟΥ-ΑΘ. ΚΟΥΚΟΥΒΕΣ & ΣΙΑ ΟΕ
ΑΠΟΔΕΙΞΗ ΛΙΑΝΙΚΗΣ 	Τρόφιμα	165012850	ΠΑΝΟΥΣΗΣ ΝΙΚΟΛΑΟΣ ΤΟΥ ΚΩΝΣΤΑΝΤΙΝΟΥ
ΑΠΟΔΕΙΞΗ ΕΙΣΠΡΑΞΗΣ ΕΝΟΙΚΙΟΥ	Ενοίκιο Έδρας	062660959	ΣΩΤΗΡΟΠΟΥΛΟΥ ΠΑΝΑΓΙΩΤΑ
Τύπος Παραστατικού	Αντικείμενο Συναλλαγής	ΑΦΜ Εκδότη	Επωνυμία Εκδότη
ΑΠΟΔΕΙΞΗ ΛΙΑΝΙΚΗΣ 	Ιατρικές Υπηρεσίες	800679157	INTRALAB ΙΔΙΩΤΙΚΟ ΔΙΑΓΝΩΣΤΙΚΟ ΕΡΓΑΣΤΗΡΙΟ ΣΥΓΓΡΟΥ-ΦΙΞ ΙΔΙΩΤΙΚΗ ΚΕΦΑΛΑΙΟΥΧΙΚΗ ΕΤΑΙΡΕΙΑ
ΑΠΟΔΕΙΞΗ ΛΙΑΝΙΚΗΣ 	Μετακίνηση	999645865	HELLENIC TRAIN - ΑΝΩΝΥΜΗ ΣΙΔΗΡΟΔΡΟΜΙΚΗ ΕΤΑΙΡΕΙΑ
ΑΠΟΔΕΙΞΗ ΛΙΑΝΙΚΗΣ 	Μετακίνηση	999645865	HELLENIC TRAIN - ΑΝΩΝΥΜΗ ΣΙΔΗΡΟΔΡΟΜΙΚΗ ΕΤΑΙΡΕΙΑ
ΑΠΟΔΕΙΞΗ ΛΙΑΝΙΚΗΣ 	Μετακίνηση	999645865	HELLENIC TRAIN - ΑΝΩΝΥΜΗ ΣΙΔΗΡΟΔΡΟΜΙΚΗ ΕΤΑΙΡΕΙΑ
ΑΠΟΔΕΙΞΗ ΛΙΑΝΙΚΗΣ 	Μετακίνηση	999645865	HELLENIC TRAIN - ΑΝΩΝΥΜΗ ΣΙΔΗΡΟΔΡΟΜΙΚΗ ΕΤΑΙΡΕΙΑ
ΑΠΟΔΕΙΞΗ ΛΙΑΝΙΚΗΣ 	Μετακίνηση	999645865	HELLENIC TRAIN - ΑΝΩΝΥΜΗ ΣΙΔΗΡΟΔΡΟΜΙΚΗ ΕΤΑΙΡΕΙΑ
ΑΠΟΔΕΙΞΗ ΛΙΑΝΙΚΗΣ 	Μετακίνηση	999645865	HELLENIC TRAIN - ΑΝΩΝΥΜΗ ΣΙΔΗΡΟΔΡΟΜΙΚΗ ΕΤΑΙΡΕΙΑ
ΑΠΟΔΕΙΞΗ ΛΙΑΝΙΚΗΣ 	Μετακίνηση	999645865	HELLENIC TRAIN - ΑΝΩΝΥΜΗ ΣΙΔΗΡΟΔΡΟΜΙΚΗ ΕΤΑΙΡΕΙΑ
ΑΠΟΔΕΙΞΗ ΛΙΑΝΙΚΗΣ 	Μετακίνηση	999645865	HELLENIC TRAIN - ΑΝΩΝΥΜΗ ΣΙΔΗΡΟΔΡΟΜΙΚΗ ΕΤΑΙΡΕΙΑ
ΑΠΟΔΕΙΞΗ ΛΙΑΝΙΚΗΣ 	Μετακίνηση	999645865	HELLENIC TRAIN - ΑΝΩΝΥΜΗ ΣΙΔΗΡΟΔΡΟΜΙΚΗ ΕΤΑΙΡΕΙΑ
ΑΠΟΔΕΙΞΗ ΛΙΑΝΙΚΗΣ 	Μετακίνηση	999645865	HELLENIC TRAIN - ΑΝΩΝΥΜΗ ΣΙΔΗΡΟΔΡΟΜΙΚΗ ΕΤΑΙΡΕΙΑ
ΑΠΟΔΕΙΞΗ ΛΙΑΝΙΚΗΣ 	Μετακίνηση	999645865	HELLENIC TRAIN - ΑΝΩΝΥΜΗ ΣΙΔΗΡΟΔΡΟΜΙΚΗ ΕΤΑΙΡΕΙΑ
ΑΠΟΔΕΙΞΗ ΛΙΑΝΙΚΗΣ 	Μετακίνηση	999645865	HELLENIC TRAIN - ΑΝΩΝΥΜΗ ΣΙΔΗΡΟΔΡΟΜΙΚΗ ΕΤΑΙΡΕΙΑ
ΑΠΟΔΕΙΞΗ ΛΙΑΝΙΚΗΣ 	Μετακίνηση	999645865	HELLENIC TRAIN - ΑΝΩΝΥΜΗ ΣΙΔΗΡΟΔΡΟΜΙΚΗ ΕΤΑΙΡΕΙΑ
ΑΠΟΔΕΙΞΗ ΛΙΑΝΙΚΗΣ 	Μετακίνηση	999645865	HELLENIC TRAIN - ΑΝΩΝΥΜΗ ΣΙΔΗΡΟΔΡΟΜΙΚΗ ΕΤΑΙΡΕΙΑ
ΑΠΟΔΕΙΞΗ ΛΙΑΝΙΚΗΣ 	Μετακίνηση	999645865	HELLENIC TRAIN - ΑΝΩΝΥΜΗ ΣΙΔΗΡΟΔΡΟΜΙΚΗ ΕΤΑΙΡΕΙΑ
ΑΠΟΔΕΙΞΗ ΛΙΑΝΙΚΗΣ 	Μετακίνηση	999645865	HELLENIC TRAIN - ΑΝΩΝΥΜΗ ΣΙΔΗΡΟΔΡΟΜΙΚΗ ΕΤΑΙΡΕΙΑ
ΑΠΟΔΕΙΞΗ ΛΙΑΝΙΚΗΣ 	Μετακίνηση	999645865	HELLENIC TRAIN - ΑΝΩΝΥΜΗ ΣΙΔΗΡΟΔΡΟΜΙΚΗ ΕΤΑΙΡΕΙΑ
ΑΠΟΔΕΙΞΗ ΛΙΑΝΙΚΗΣ 	Μετακίνηση	999645865	HELLENIC TRAIN - ΑΝΩΝΥΜΗ ΣΙΔΗΡΟΔΡΟΜΙΚΗ ΕΤΑΙΡΕΙΑ
ΑΠΟΔΕΙΞΗ ΛΙΑΝΙΚΗΣ 	Μετακίνηση	999645865	HELLENIC TRAIN - ΑΝΩΝΥΜΗ ΣΙΔΗΡΟΔΡΟΜΙΚΗ ΕΤΑΙΡΕΙΑ
ΑΠΟΔΕΙΞΗ ΛΙΑΝΙΚΗΣ 	Μετακίνηση	999645865	HELLENIC TRAIN - ΑΝΩΝΥΜΗ ΣΙΔΗΡΟΔΡΟΜΙΚΗ ΕΤΑΙΡΕΙΑ
ΑΠΟΔΕΙΞΗ ΛΙΑΝΙΚΗΣ 	Μετακίνηση	999645865	HELLENIC TRAIN - ΑΝΩΝΥΜΗ ΣΙΔΗΡΟΔΡΟΜΙΚΗ ΕΤΑΙΡΕΙΑ
ΑΠΟΔΕΙΞΗ ΛΙΑΝΙΚΗΣ 	Μετακίνηση	999645865	HELLENIC TRAIN - ΑΝΩΝΥΜΗ ΣΙΔΗΡΟΔΡΟΜΙΚΗ ΕΤΑΙΡΕΙΑ
ΑΠΟΔΕΙΞΗ ΛΙΑΝΙΚΗΣ 	Μετακίνηση	999645865	HELLENIC TRAIN - ΑΝΩΝΥΜΗ ΣΙΔΗΡΟΔΡΟΜΙΚΗ ΕΤΑΙΡΕΙΑ
ΑΠΟΔΕΙΞΗ ΛΙΑΝΙΚΗΣ 	Μετακίνηση	999645865	HELLENIC TRAIN - ΑΝΩΝΥΜΗ ΣΙΔΗΡΟΔΡΟΜΙΚΗ ΕΤΑΙΡΕΙΑ
ΑΠΟΔΕΙΞΗ ΛΙΑΝΙΚΗΣ 	Μετακίνηση	999645865	HELLENIC TRAIN - ΑΝΩΝΥΜΗ ΣΙΔΗΡΟΔΡΟΜΙΚΗ ΕΤΑΙΡΕΙΑ
ΑΠΟΔΕΙΞΗ ΛΙΑΝΙΚΗΣ 	Μετακίνηση	999645865	HELLENIC TRAIN - ΑΝΩΝΥΜΗ ΣΙΔΗΡΟΔΡΟΜΙΚΗ ΕΤΑΙΡΕΙΑ
ΑΠΟΔΕΙΞΗ ΛΙΑΝΙΚΗΣ 	Μετακίνηση	095759755	ΑΜΑΘΟΥΣ ΕΛΛΑΣ ΑΝΩΝΥΜΟΣ ΤΟΥΡΙΣΤΙΚΗ ΕΤΑΙΡΕΙΑ
ΑΠΟΔΕΙΞΗ ΛΙΑΝΙΚΗΣ 	Έξοδα συμμετοχής σε Πρόγραμμα Ανταλλαγής	 DE2767054879	 Kreisau-Initiative e. V.
ΑΠΟΔΕΙΞΗ ΛΙΑΝΙΚΗΣ 	Μετακίνηση	999645865	HELLENIC TRAIN - ΑΝΩΝΥΜΗ ΣΙΔΗΡΟΔΡΟΜΙΚΗ ΕΤΑΙΡΕΙΑ
ΑΠΟΔΕΙΞΗ ΛΙΑΝΙΚΗΣ 	Μετακίνηση	999645865	HELLENIC TRAIN - ΑΝΩΝΥΜΗ ΣΙΔΗΡΟΔΡΟΜΙΚΗ ΕΤΑΙΡΕΙΑ
ΑΠΟΔΕΙΞΗ ΛΙΑΝΙΚΗΣ 	Μετακίνηση	999645865	HELLENIC TRAIN - ΑΝΩΝΥΜΗ ΣΙΔΗΡΟΔΡΟΜΙΚΗ ΕΤΑΙΡΕΙΑ
ΑΠΟΔΕΙΞΗ ΛΙΑΝΙΚΗΣ 	Μετακίνηση	999645865	HELLENIC TRAIN - ΑΝΩΝΥΜΗ ΣΙΔΗΡΟΔΡΟΜΙΚΗ ΕΤΑΙΡΕΙΑ
ΑΠΟΔΕΙΞΗ ΛΙΑΝΙΚΗΣ 	Μετακίνηση	999645865	HELLENIC TRAIN - ΑΝΩΝΥΜΗ ΣΙΔΗΡΟΔΡΟΜΙΚΗ ΕΤΑΙΡΕΙΑ
ΑΠΟΔΕΙΞΗ ΛΙΑΝΙΚΗΣ 	Μετακίνηση	999645865	HELLENIC TRAIN - ΑΝΩΝΥΜΗ ΣΙΔΗΡΟΔΡΟΜΙΚΗ ΕΤΑΙΡΕΙΑ
ΑΠΟΔΕΙΞΗ ΛΙΑΝΙΚΗΣ 	Μετακίνηση	999645865	HELLENIC TRAIN - ΑΝΩΝΥΜΗ ΣΙΔΗΡΟΔΡΟΜΙΚΗ ΕΤΑΙΡΕΙΑ
ΑΠΟΔΕΙΞΗ ΛΙΑΝΙΚΗΣ 	Μετακίνηση	999645865	HELLENIC TRAIN - ΑΝΩΝΥΜΗ ΣΙΔΗΡΟΔΡΟΜΙΚΗ ΕΤΑΙΡΕΙΑ
ΑΠΟΔΕΙΞΗ ΛΙΑΝΙΚΗΣ 	Μετακίνηση	999645865	HELLENIC TRAIN - ΑΝΩΝΥΜΗ ΣΙΔΗΡΟΔΡΟΜΙΚΗ ΕΤΑΙΡΕΙΑ
ΑΠΟΔΕΙΞΗ ΛΙΑΝΙΚΗΣ 	Μετακίνηση	999645865	HELLENIC TRAIN - ΑΝΩΝΥΜΗ ΣΙΔΗΡΟΔΡΟΜΙΚΗ ΕΤΑΙΡΕΙΑ
ΑΠΟΔΕΙΞΗ ΛΙΑΝΙΚΗΣ 	Μετακίνηση	097224050	ΥΠΕΡΑΣΤΙΚΟ ΚΤΕΛ ΝΟΜΟΥ ΚΕΡΚΥΡΑΣ ΑΝΩΝΥΜΗ ΜΕΤΑΦΟΡΙΚΗ, ΤΟΥΡΙΣΤΙΚΗ ΚΑΙ ΕΜΠΟΡΙΚΗ ΕΤΑΙΡΕΙΑ Ν. ΚΕΡΚΥΡΑΣ
ΑΠΟΔΕΙΞΗ ΛΙΑΝΙΚΗΣ 	Μετακίνηση	097224050	ΥΠΕΡΑΣΤΙΚΟ ΚΤΕΛ ΝΟΜΟΥ ΚΕΡΚΥΡΑΣ ΑΝΩΝΥΜΗ ΜΕΤΑΦΟΡΙΚΗ, ΤΟΥΡΙΣΤΙΚΗ ΚΑΙ ΕΜΠΟΡΙΚΗ ΕΤΑΙΡΕΙΑ Ν. ΚΕΡΚΥΡΑΣ
ΑΠΟΔΕΙΞΗ ΛΙΑΝΙΚΗΣ 	Μετακίνηση	097224050	ΥΠΕΡΑΣΤΙΚΟ ΚΤΕΛ ΝΟΜΟΥ ΚΕΡΚΥΡΑΣ ΑΝΩΝΥΜΗ ΜΕΤΑΦΟΡΙΚΗ, ΤΟΥΡΙΣΤΙΚΗ ΚΑΙ ΕΜΠΟΡΙΚΗ ΕΤΑΙΡΕΙΑ Ν. ΚΕΡΚΥΡΑΣ
ΑΠΟΔΕΙΞΗ ΛΙΑΝΙΚΗΣ 	Μετακίνηση	097224050	ΥΠΕΡΑΣΤΙΚΟ ΚΤΕΛ ΝΟΜΟΥ ΚΕΡΚΥΡΑΣ ΑΝΩΝΥΜΗ ΜΕΤΑΦΟΡΙΚΗ, ΤΟΥΡΙΣΤΙΚΗ ΚΑΙ ΕΜΠΟΡΙΚΗ ΕΤΑΙΡΕΙΑ Ν. ΚΕΡΚΥΡΑΣ
ΤΙΜΟΛΟΓΙΟ ΠΑΡΟΧΗΣ ΥΠΗΡΕΣΙΩΝ	SENDING ACTIVITY COSTS LEONIDAS ARAN 2020-1-EL02-ESC11-005793	G78456530	SERVICIO CIVIL INTERNACIONAL
ΑΠΟΔΕΙΞΗ ΛΙΑΝΙΚΗΣ 	Τρόφιμα	800764388	ΕΛΛΗΝΙΚΕΣ ΥΠΕΡΑΓΟΡΕΣ ΣΚΛΑΒΕΝΙΤΗΣ ΑΝΩΝΥΜΗ ΕΜΠΟΡΙΚΗ ΕΤΑΙΡΕΙΑ
ΑΠΟΔΕΙΞΗ ΛΙΑΝΙΚΗΣ 	Τρόφιμα	094025817	ΑΛΦΑ-ΒΗΤΑ ΒΑΣΙΛΟΠΟΥΛΟΣ ΜΟΝΟΠΡΟΣΩΠΗ ΑΝΩΝΥΜΗ ΕΤΑΙΡΙΑ
ΑΠΟΔΕΙΞΗ ΛΙΑΝΙΚΗΣ 	Τρόφιμα	050160199	ΣΚΙΑΔΟΠΟΥΛΟΣ ΣΠΥΡΙΔΩΝ ΤΟΥ ΧΡΗΣΤΟΥ
ΑΠΟΔΕΙΞΗ ΛΙΑΝΙΚΗΣ 	Τρόφιμα	094025817	ΑΛΦΑ-ΒΗΤΑ ΒΑΣΙΛΟΠΟΥΛΟΣ ΜΟΝΟΠΡΟΣΩΠΗ ΑΝΩΝΥΜΗ ΕΤΑΙΡΙΑ
ΑΠΟΔΕΙΞΗ ΛΙΑΝΙΚΗΣ 	Τρόφιμα	094025817	ΑΛΦΑ-ΒΗΤΑ ΒΑΣΙΛΟΠΟΥΛΟΣ ΜΟΝΟΠΡΟΣΩΠΗ ΑΝΩΝΥΜΗ ΕΤΑΙΡΙΑ
ΑΠΟΔΕΙΞΗ ΛΙΑΝΙΚΗΣ 	Τρόφιμα	800764388	ΕΛΛΗΝΙΚΕΣ ΥΠΕΡΑΓΟΡΕΣ ΣΚΛΑΒΕΝΙΤΗΣ ΑΝΩΝΥΜΗ ΕΜΠΟΡΙΚΗ ΕΤΑΙΡΕΙΑ
ΑΠΟΔΕΙΞΗ ΛΙΑΝΙΚΗΣ 	Τρόφιμα	801076412	Θ ΤΣΙΡΗ ΚΑΙ ΣΙΑ ΟΕ
ΑΠΟΔΕΙΞΗ ΛΙΑΝΙΚΗΣ 	Τρόφιμα	800847434	7 CACTUS GREEK STREET DELI E.E.
ΑΠΟΔΕΙΞΗ ΛΙΑΝΙΚΗΣ 	Τρόφιμα	800645154	GFA-FOOD ΙΔΙΩΤΙΚΗ ΚΕΦΑΛΑΙΟΥΧΙΚΗ ΕΤΑΙΡΕΙΑ
ΑΠΟΔΕΙΞΗ ΛΙΑΝΙΚΗΣ 	Τρόφιμα	094025817	ΑΛΦΑ-ΒΗΤΑ ΒΑΣΙΛΟΠΟΥΛΟΣ ΜΟΝΟΠΡΟΣΩΠΗ ΑΝΩΝΥΜΗ ΕΤΑΙΡΙΑ
ΑΠΟΔΕΙΞΗ ΛΙΑΝΙΚΗΣ 	Είδη	094352564	IΤΧ ΕΛΛΑΣ MONOΠΡΟΣΩΠΗ Α.Ε.
ΑΠΟΔΕΙΞΗ ΛΙΑΝΙΚΗΣ 	Καύσιμα	094025320	ΑΝΩΝΥΜΟΣ ΕΤΑΙΡΕΙΑ ΜΕΤΑΦΟΡΩΝ, ΕΚΜΕΤΑΛΛΕΥΣΕΩΣ, ΕΜΠΟΡΙΑΣ ΠΕΤΡΕΛΑΙΟΕΙΔΩΝ ΚΑΙ ΠΑΡΟΧΗΣ ΥΠΗΡΕΣΙΩΝ Ο ΕΡΜΗΣ
ΑΠΟΔΕΙΞΗ ΛΙΑΝΙΚΗΣ 	Είδη	094025320	VODAFONE ΠΑΝΑΦΟΝ ΑΝΩΝΥΜΗ ΕΛΛΗΝΙΚΗ ΕΤΑΙΡΙΑ ΤΗΛΕΠΙΚΟΙΝΩΝΙΩΝ
ΑΠΟΔΕΙΞΗ ΛΙΑΝΙΚΗΣ 	Καύσιμα	094475066	ΜΥΡΤΕΑ ΑΝΩΝΥΜΟΣ ΕΤΑΙΡΕΙΑ ΕΜΠΟΡΙΟΥ, ΑΠΟΘΗΚΕΥΣΕΩΣ, ΑΝΤΙΠΡΟΣΩΠΕΙΩΝ ΠΕΤΡΕΛΑΙΟΕΙΔΩΝ ΚΑΙ ΠΑΡΟΧΗΣ ΥΠΗΡΕΣΙΩΝ
ΑΠΟΔΕΙΞΗ ΛΙΑΝΙΚΗΣ 	Τρόφιμα	800764388	ΕΛΛΗΝΙΚΕΣ ΥΠΕΡΑΓΟΡΕΣ ΣΚΛΑΒΕΝΙΤΗΣ ΑΝΩΝΥΜΗ ΕΜΠΟΡΙΚΗ ΕΤΑΙΡΕΙΑ
ΑΠΟΔΕΙΞΗ ΛΙΑΝΙΚΗΣ 	Τρόφιμα	800764388	ΕΛΛΗΝΙΚΕΣ ΥΠΕΡΑΓΟΡΕΣ ΣΚΛΑΒΕΝΙΤΗΣ ΑΝΩΝΥΜΗ ΕΜΠΟΡΙΚΗ ΕΤΑΙΡΕΙΑ
ΑΠΟΔΕΙΞΗ ΛΙΑΝΙΚΗΣ 	Τρόφιμα	050160199	ΣΚΙΑΔΟΠΟΥΛΟΣ ΣΠΥΡΙΔΩΝ ΤΟΥ ΧΡΗΣΤΟΥ
ΑΠΟΔΕΙΞΗ ΛΙΑΝΙΚΗΣ 	Τρόφιμα	800764388	ΕΛΛΗΝΙΚΕΣ ΥΠΕΡΑΓΟΡΕΣ ΣΚΛΑΒΕΝΙΤΗΣ ΑΝΩΝΥΜΗ ΕΜΠΟΡΙΚΗ ΕΤΑΙΡΕΙΑ
ΑΠΟΔΕΙΞΗ ΛΙΑΝΙΚΗΣ 	Τρόφιμα	164136000	ΦΙΛΙΠΠΙΔΟΥ ΧΡΙΣΤΙΝΑ ΤΡΙΑΝΤΑΦΥΛΛΙΑ ΤΟΥ ΓΕΩΡΓΙΟΥ
ΑΠΟΔΕΙΞΗ ΕΙΣΠΡΑΞΗΣ ΕΝΟΙΚΙΟΥ	Ενοίκιο Έδρας	062660959	ΣΩΤΗΡΟΠΟΥΛΟΥ ΠΑΝΑΓΙΩΤΑ
Τύπος Παραστατικού	Αντικείμενο Συναλλαγής	ΑΦΜ Εκδότη	Επωνυμία Εκδότη
ΑΠΟΔΕΙΞΗ ΛΙΑΝΙΚΗΣ 	Είδη	999079170	SGB ΕΛΛΗΝΙΚΗ ΕΤΑΙΡΕΙΑ ΙΔΙΟΚΑΤΑΣΚΕΥΩΝ ΑΝΩΝΥΜΗ ΕΤΑΙΡΕΙΑ
ΤΙΜΟΛΟΓΙΟ ΑΠΟΣΤΟΛΗΣ	Είδη	999645183	PUBLIC RETAIL ΜΟΝOΠΡΟΣΩΠΗ ΑΝΩΝΥΜΗ ΕΜΠΟΡΙΚΗ ΕΤΑΙΡΕΙΑ ΠΡΟΪΟΝΤΩΝ & ΥΠΗΡΕΣΙΩΝ ΤΕΧΝΟΛΟΓΙΑΣ, ΟΙΚΙΑΚΩΝ ΣΥΣΚΕΥΩΝ, ΕΠΙΚΟΙΝΩΝΙΑΣ, ΨΥΧΑΓΩΓΙΑΣ & ΠΟΛΙΤΙΣΜΟΥ
ΑΠΟΔΕΙΞΗ ΛΙΑΝΙΚΗΣ 	Είδη	094493766	COSMOTE – ΚΙΝΗΤΕΣ ΤΗΛΕΠΙΚΟΙΝΩΝΙΕΣ ΜΟΝΟΠΡΟΣΩΠΗ ΑΝΩΝΥΜΟΣ ΕΤΑΙΡΙΑ
ΑΠΟΔΕΙΞΗ ΛΙΑΝΙΚΗΣ 	Εισιτήριο	096059029	ΚΤΕΛ ΝΟΜΟΥ ΦΩΚΙΔΑΣ ΑΝΩΝΥΜΗ ΜΕΤΑΦΟΡΙΚΗ ΚΑΙ ΕΜΠΟΡΙΚΗ ΕΤΑΙΡΕΙΑ
ΑΠΟΔΕΙΞΗ ΛΙΑΝΙΚΗΣ 	Εισιτήριο	096059029	ΚΤΕΛ ΝΟΜΟΥ ΦΩΚΙΔΑΣ ΑΝΩΝΥΜΗ ΜΕΤΑΦΟΡΙΚΗ ΚΑΙ ΕΜΠΟΡΙΚΗ ΕΤΑΙΡΕΙΑ
ΑΠΟΔΕΙΞΗ ΛΙΑΝΙΚΗΣ 	Εισιτήριο	096059029	ΚΤΕΛ ΝΟΜΟΥ ΦΩΚΙΔΑΣ ΑΝΩΝΥΜΗ ΜΕΤΑΦΟΡΙΚΗ ΚΑΙ ΕΜΠΟΡΙΚΗ ΕΤΑΙΡΕΙΑ
ΑΠΟΔΕΙΞΗ ΛΙΑΝΙΚΗΣ 	Εισιτήριο	096059029	ΚΤΕΛ ΝΟΜΟΥ ΦΩΚΙΔΑΣ ΑΝΩΝΥΜΗ ΜΕΤΑΦΟΡΙΚΗ ΚΑΙ ΕΜΠΟΡΙΚΗ ΕΤΑΙΡΕΙΑ
ΑΠΟΔΕΙΞΗ ΛΙΑΝΙΚΗΣ 	Εισιτήριο	096059029	ΚΤΕΛ ΝΟΜΟΥ ΦΩΚΙΔΑΣ ΑΝΩΝΥΜΗ ΜΕΤΑΦΟΡΙΚΗ ΚΑΙ ΕΜΠΟΡΙΚΗ ΕΤΑΙΡΕΙΑ
ΑΠΟΔΕΙΞΗ ΛΙΑΝΙΚΗΣ 	Τρόφιμα	094025817	ΑΛΦΑ-ΒΗΤΑ ΒΑΣΙΛΟΠΟΥΛΟΣ ΜΟΝΟΠΡΟΣΩΠΗ ΑΝΩΝΥΜΗ ΕΤΑΙΡΙΑ
ΑΠΟΔΕΙΞΗ ΛΙΑΝΙΚΗΣ 	Τρόφιμα	300255621	ΠΑΝΑΓΙΩΤΑΡΑΚΟΣ ΙΩΑΝΝΗΣ ΤΟΥ ΝΙΚΟΛΑΟΥ
ΑΠΟΔΕΙΞΗ ΛΙΑΝΙΚΗΣ 	Τρόφιμα	093683423	ΛΙΝΤΛ ΕΛΛΑΣ ΚΑΙ ΣΙΑ ΟΕ
ΑΠΟΔΕΙΞΗ ΛΙΑΝΙΚΗΣ 	Τρόφιμα	094025817	ΑΛΦΑ-ΒΗΤΑ ΒΑΣΙΛΟΠΟΥΛΟΣ ΜΟΝΟΠΡΟΣΩΠΗ ΑΝΩΝΥΜΗ ΕΤΑΙΡΙΑ
ΑΠΟΔΕΙΞΗ ΛΙΑΝΙΚΗΣ 	Τρόφιμα	800764388	ΕΛΛΗΝΙΚΕΣ ΥΠΕΡΑΓΟΡΕΣ ΣΚΛΑΒΕΝΙΤΗΣ ΑΝΩΝΥΜΗ ΕΜΠΟΡΙΚΗ ΕΤΑΙΡΕΙΑ
ΑΠΟΔΕΙΞΗ ΛΙΑΝΙΚΗΣ 	Τρόφιμα	094294581	ΓΟΓΓΑΚΗΣ ΑΝΩΝΥΜΗ ΕΜΠΟΡΙΚΗ ΚΑΙ ΒΙΟΜΗΧΑΝΙΚΗ ΕΤΑΙΡΕΙΑ
ΑΠΟΔΕΙΞΗ ΛΙΑΝΙΚΗΣ 	Τρόφιμα	115305378	ΣΑΓΡΕΔΟΣ ΙΩΑΝΝΗΣ ΤΟΥ ΠΕΤΡΟΥ
ΑΠΟΔΕΙΞΗ ΛΙΑΝΙΚΗΣ 	Τρόφιμα	800764388	ΕΛΛΗΝΙΚΕΣ ΥΠΕΡΑΓΟΡΕΣ ΣΚΛΑΒΕΝΙΤΗΣ ΑΝΩΝΥΜΗ ΕΜΠΟΡΙΚΗ ΕΤΑΙΡΕΙΑ
ΑΠΟΔΕΙΞΗ ΛΙΑΝΙΚΗΣ 	Τρόφιμα	800764388	ΕΛΛΗΝΙΚΕΣ ΥΠΕΡΑΓΟΡΕΣ ΣΚΛΑΒΕΝΙΤΗΣ ΑΝΩΝΥΜΗ ΕΜΠΟΡΙΚΗ ΕΤΑΙΡΕΙΑ
ΑΠΟΔΕΙΞΗ ΛΙΑΝΙΚΗΣ 	Τρόφιμα	800764388	ΕΛΛΗΝΙΚΕΣ ΥΠΕΡΑΓΟΡΕΣ ΣΚΛΑΒΕΝΙΤΗΣ ΑΝΩΝΥΜΗ ΕΜΠΟΡΙΚΗ ΕΤΑΙΡΕΙΑ
ΑΠΟΔΕΙΞΗ ΛΙΑΝΙΚΗΣ 	Τρόφιμα	800764388	ΕΛΛΗΝΙΚΕΣ ΥΠΕΡΑΓΟΡΕΣ ΣΚΛΑΒΕΝΙΤΗΣ ΑΝΩΝΥΜΗ ΕΜΠΟΡΙΚΗ ΕΤΑΙΡΕΙΑ
ΑΠΟΔΕΙΞΗ ΛΙΑΝΙΚΗΣ 	Καύσιμα	999711062	ΞΕΝ. ΖΕΖΑΣ ΚΑΙ ΣΙΑ Ο.Ε.
ΑΠΟΔΕΙΞΗ ΛΙΑΝΙΚΗΣ 	Τρόφιμα	046785050	ΣΩΤΗΡΟΠΟΥΛΟΣ ΣΩΤΗΡΙΟΣ ΤΟΥ ΑΝΑΣΤΑΣΙΟΥ
ΑΠΟΔΕΙΞΗ ΛΙΑΝΙΚΗΣ 	Τρόφιμα	997368745	ΕΥΓΕΝΙΑ ΚΑΛΟΥ ΚΑΙ ΑΣΗΜΑΚΗΣ ΜΟΥΡΟΥΤΣΟΣ ΕΕ
ΑΠΟΔΕΙΞΗ ΛΙΑΝΙΚΗΣ 	Διάφορα	997686587	ΠΑΝΑΓΟΠΟΥΛΟΙ ΚΑΙ ΣΙΑ Ο.Ε.
ΑΠΟΔΕΙΞΗ ΛΙΑΝΙΚΗΣ 	Καύσιμα	800853084	ΚΑΤΣΑΡΟΣ ΟΙΛ ΜΟΝΟΠΡΟΣΩΠΗ ΙΔΙΩΤΙΚΗ ΚΕΦΑΛΑΙΟΥΧΙΚΗ ΕΤΑΙΡΙΑ
ΑΠΟΔΕΙΞΗ ΛΙΑΝΙΚΗΣ 	Είδη	053990686	ΕΥΣΤΡΑΤΙΟΣ ΜΠΙΛΟΛΜΑΣ ΤΟΥ ΠΑΝΑΓΙΩΤΗ
ΑΠΟΔΕΙΞΗ ΛΙΑΝΙΚΗΣ 	Είδη	093647067	ΒΙΒΛΙΟΠΩΛΕΙΟ ΠΟΛΙΤΕΙΑ ΑΝΩΝΥΜΗ ΕΤΑΙΡΕΙΑ
ΑΠΟΔΕΙΞΗ ΛΙΑΝΙΚΗΣ 	Τρόφιμα	094025817	ΑΛΦΑ-ΒΗΤΑ ΒΑΣΙΛΟΠΟΥΛΟΣ ΜΟΝΟΠΡΟΣΩΠΗ ΑΝΩΝΥΜΗ ΕΤΑΙΡΙΑ
ΑΠΟΔΕΙΞΗ ΛΙΑΝΙΚΗΣ 	Καύσιμα	999644611	ΚΑΛΥΨΩ Κ.Ε.Α. ΜΟΝΟΠΡΟΣΩΠΗ ΑΝΩΝΥΜΗ ΕΤΑΙΡΕΙΑ ΕΜΠΟΡΙΑΣ ΠΕΤΡΕΛΑΙΟΕΙΔΩΝ ΚΑΙ ΛΟΙΠΩΝ ΠΡΟΪΟΝΤΩΝ ΚΑΙ ΠΑΡΟΧΗΣ ΥΠΗΡΕΣΙΩΝ
ΑΠΟΔΕΙΞΗ ΛΙΑΝΙΚΗΣ 	Είδη	094173365	JUMBO ΑΝΩΝΥΜΗ ΕΜΠΟΡΙΚΗ ΕΤΑΙΡΕΙΑ
ΑΠΟΔΕΙΞΗ ΛΙΑΝΙΚΗΣ 	Είδη	046298040	ΑΛΕΞΟΥΔΗΣ ΠΟΛΥΧΡΟΝΗΣ ΤΟΥ ΔΗΜΟΥ
ΑΠΟΔΕΙΞΗ ΕΙΣΠΡΑΞΗΣ ΕΝΟΙΚΙΟΥ	Ενοίκιο Έδρας	062660959	ΣΩΤΗΡΟΠΟΥΛΟΥ ΠΑΝΑΓΙΩΤΑ
